ID,instnm,CITY,state
100654,alabama a & m university,Normal,al
100663,university of alabama at birmingham,Birmingham,al
100706,university of alabama in huntsville,Huntsville,al
100724,alabama state university,Montgomery,al
100751,the university of alabama,Tuscaloosa,al
100858,auburn university,Auburn,al
101116,south university-montgomery,Montgomery,al
101365,herzing university-birmingham,Birmingham,al
101435,huntingdon college,Montgomery,al
101453,heritage christian university,Florence,al
101480,jacksonville state university,Jacksonville,al
101675,miles college,Fairfield,al
101693,university of mobile,Mobile,al
101709,university of montevallo,Montevallo,al
101879,university of north alabama,Florence,al
101912,oakwood university,Huntsville,al
102058,selma university,Selma,al
102234,spring hill college,Mobile,al
102270,stillman college,Tuscaloosa,al
102298,talladega college,Talladega,al
102368,troy university,Troy,al
102377,tuskegee university,Tuskegee,al
102553,university of alaska anchorage,Anchorage,ak
102614,university of alaska fairbanks,Fairbanks,ak
102632,university of alaska southeast,Juneau,ak
102669,alaska pacific university,Anchorage,ak
102845,charter college,Vancouver,wa
104090,brookline college-phoenix,Phoenix,az
104151,arizona state university campus immersion,Tempe,az
104179,university of arizona,Tucson,az
104586,embry-riddle aeronautical university-prescott,Prescott,az
104717,grand canyon university,Phoenix,az
105297,dine college,Tsaile,az
105330,northern arizona university,Flagstaff,az
105534,pima medical institute-tucson,Tucson,az
105589,prescott college,Prescott,az
105899,arizona christian university,Glendale,az
106245,university of arkansas at little rock,Little Rock,ar
106263,university of arkansas for medical sciences,Little Rock,ar
106306,arkansas baptist college,Little Rock,ar
106342,lyon college,Batesville,ar
106397,university of arkansas,Fayetteville,ar
106458,arkansas state university,Jonesboro,ar
106467,arkansas tech university,Russellville,ar
106485,university of arkansas at monticello,Monticello,ar
106704,university of central arkansas,Conway,ar
106810,crowley's ridge college,Paragould,ar
107044,harding university,Searcy,ar
107071,henderson state university,Arkadelphia,ar
107080,hendrix college,Conway,ar
107141,john brown university,Siloam Springs,ar
107512,ouachita baptist university,Arkadelphia,ar
107558,university of the ozarks,Clarksville,ar
108092,university of arkansas-fort smith,Fort Smith,ar
108232,academy of art university,San Francisco,ca
109350,antelope valley community college district,Lancaster,ca
109651,art center college of design,Pasadena,ca
109785,azusa pacific university,Azusa,ca
109819,bakersfield college,Bakersfield,ca
110060,bethesda university,Anaheim,ca
110097,biola university,La Mirada,ca
110219,bryan university,Tempe,az
110361,california baptist university,Riverside,ca
110370,california college of the arts,San Francisco,ca
110413,california lutheran university,Thousand Oaks,ca
110422,california polytechnic state university-san luis obispo,San Luis Obispo,ca
110486,california state university-bakersfield,Bakersfield,ca
110495,california state university-stanislaus,Turlock,ca
110510,california state university-san bernardino,San Bernardino,ca
110529,california state polytechnic university-pomona,Pomona,ca
110538,california state university-chico,Chico,ca
110547,california state university-dominguez hills,Carson,ca
110556,california state university-fresno,Fresno,ca
110565,california state university-fullerton,Fullerton,ca
110574,california state university-east bay,Hayward,ca
110583,california state university-long beach,Long Beach,ca
110592,california state university-los angeles,Los Angeles,ca
110608,california state university-northridge,Northridge,ca
110617,california state university-sacramento,Sacramento,ca
110635,university of california-berkeley,Berkeley,ca
110644,university of california-davis,Davis,ca
110653,university of california-irvine,Irvine,ca
110662,university of california-los angeles,Los Angeles,ca
110671,university of california-riverside,Riverside,ca
110680,university of california-san diego,La Jolla,ca
110705,university of california-santa barbara,Santa Barbara,ca
110714,university of california-santa cruz,Santa Cruz,ca
110918,california christian college,Fresno,ca
111045,haven university,Garden Grove,ca
111081,california institute of the arts,Valencia,ca
111188,california state university maritime academy,Vallejo,ca
111948,chapman university,Orange,ca
111966,charles r drew university of medicine and science,Los Angeles,ca
112075,concordia university-irvine,Irvine,ca
112260,claremont mckenna college,Claremont,ca
112394,university of silicon valley,San Jose,ca
112570,columbia college hollywood,Tarzana,ca
113236,cypress college,Cypress,ca
113582,design institute of san diego,San Diego,ca
113698,dominican university of california,San Rafael,ca
114354,fidm-fashion institute of design & merchandising,Los Angeles,ca
114433,feather river community college district,Quincy,ca
114716,foothill college,Los Altos Hills,ca
114813,fresno pacific university,Fresno,ca
115083,golden gate university,San Francisco,ca
115409,harvey mudd college,Claremont,ca
115755,california state polytechnic university-humboldt,Arcata,ca
115773,humphreys university-stockton and modesto campuses,Stockton,ca
117104,life pacific university,San Dimas,ca
117140,university of la verne,La Verne,ca
117168,laguna college of art and design,Laguna Beach,ca
117283,latin american bible institute,La Puente,ca
117557,lincoln university,Oakland,ca
117575,southern california seminary,El Cajon,ca
117627,la sierra university,Riverside,ca
117751,the master's university and seminary,Santa Clarita,ca
117946,loyola marymount university,Los Angeles,ca
118693,menlo college,Atherton,ca
118912,miracosta college,Oceanside,ca
118976,modesto junior college,Modesto,ca
119173,mount saint mary's university,Los Angeles,ca
119270,musicians institute,Hollywood,ca
119605,national university,San Diego,ca
119775,newschool of architecture and design,San Diego,ca
120166,san francisco bay university,Fremont,ca
120254,occidental college,Los Angeles,ca
120403,otis college of art and design,Los Angeles,ca
120537,hope international university,Fullerton,ca
120768,pacific oaks college,Pasadena,ca
120838,pacific states university,Los Angeles,ca
120865,pacific union college,Angwin,ca
120883,university of the pacific,Stockton,ca
121150,pepperdine university,Malibu,ca
121257,pitzer college,Claremont,ca
121275,platt college-san diego,San Diego,ca
121309,point loma nazarene university,San Diego,ca
121345,pomona college,Claremont,ca
121619,santa ana college,Santa Ana,ca
121691,university of redlands,Redlands,ca
121886,rio hondo college,Whittier,ca
122375,san diego mesa college,San Diego,ca
122409,san diego state university,San Diego,ca
122436,university of san diego,San Diego,ca
122506,san francisco conservatory of music,San Francisco,ca
122597,san francisco state university,San Francisco,ca
122612,university of san francisco,San Francisco,ca
122685,san joaquin valley college-visalia,Visalia,ca
122728,william jessup university,Rocklin,ca
122755,san jose state university,San Jose,ca
122931,santa clara university,Santa Clara,ca
122977,santa monica college,Santa Monica,ca
123165,scripps college,Claremont,ca
123280,shasta bible college and graduate school,Redding,ca
123299,shasta college,Redding,ca
123457,simpson university,Redding,ca
123509,skyline college,San Bruno,ca
123554,saint mary's college of california,Moraga,ca
123563,solano community college,Fairfield,ca
123572,sonoma state university,Rohnert Park,ca
123651,vanguard university of southern california,Costa Mesa,ca
123952,southern california institute of architecture,Los Angeles,ca
123961,university of southern california,Los Angeles,ca
125471,west los angeles college,Culver City,ca
125727,westmont college,Santa Barbara,ca
125763,whittier college,Whittier,ca
125897,woodbury university,Burbank,ca
126076,yeshiva ohr elchonon chabad west coast talmudical seminary,Los Angeles,ca
126182,adams state university,Alamosa,co
126289,arapahoe community college,Littleton,co
126562,university of colorado denver/anschutz medical campus,Denver,co
126580,university of colorado colorado springs,Colorado Springs,co
126614,university of colorado boulder,Boulder,co
126669,colorado christian university,Lakewood,co
126678,colorado college,Colorado Springs,co
126711,colorado mountain college,Glenwood Springs,co
126775,colorado school of mines,Golden,co
126818,colorado state university-fort collins,Fort Collins,co
126827,colorado technical university-colorado springs,Colorado Springs,co
126942,community college of denver,Denver,co
127060,university of denver,Denver,co
127185,fort lewis college,Durango,co
127200,front range community college,Westminster,co
127556,colorado mesa university,Grand Junction,co
127565,metropolitan state university of denver,Denver,co
127653,naropa university,Boulder,co
127741,university of northern colorado,Greeley,co
127820,pikes peak state college,Colorado Springs,co
127884,pueblo community college,Pueblo,co
127909,red rocks community college,Lakewood,co
127918,regis university,Denver,co
127945,rocky mountain college of art and design,Lakewood,co
128106,colorado state university pueblo,Pueblo,co
128258,trinidad state college,Trinidad,co
128391,western colorado university,Gunnison,co
128498,albertus magnus college,New Haven,ct
128744,university of bridgeport,Bridgeport,ct
128771,central connecticut state university,New Britain,ct
128780,charter oak state college,New Britain,ct
128902,connecticut college,New London,ct
129020,university of connecticut,Storrs,ct
129154,goodwin university,East Hartford,ct
129215,eastern connecticut state university,Willimantic,ct
129242,fairfield university,Fairfield,ct
129525,university of hartford,West Hartford,ct
129534,holy apostles college and seminary,Cromwell,ct
129774,mitchell college,New London,ct
129941,university of new haven,West Haven,ct
130110,paier college,Bridgeport,ct
130183,post university,Waterbury,ct
130226,quinnipiac university,Hamden,ct
130253,sacred heart university,Fairfield,ct
130314,university of saint joseph,West Hartford,ct
130493,southern connecticut state university,New Haven,ct
130590,trinity college,Hartford,ct
130624,united states coast guard academy,New London,ct
130697,wesleyan university,Middletown,ct
130776,western connecticut state university,Danbury,ct
130934,delaware state university,Dover,de
130943,university of delaware,Newark,de
130989,goldey-beacom college,Wilmington,de
131113,wilmington university,New Castle,de
131159,american university,Washington,dc
131283,the catholic university of america,Washington,dc
131399,university of the district of columbia,Washington,dc
131469,george washington university,Washington,dc
131520,howard university,Washington,dc
131803,strayer university-district of columbia,Washington,dc
131876,trinity washington university,Washington,dc
132471,barry university,Miami,fl
132602,bethune-cookman university,Daytona Beach,fl
132657,lynn university,Boca Raton,fl
132693,eastern florida state college,Melbourne,fl
132709,broward college,Fort Lauderdale,fl
132842,albizu university-miami,Miami,fl
132851,college of central florida,Ocala,fl
133021,chipola college,Marianna,fl
133386,daytona state college,Daytona Beach,fl
133465,south university-west palm beach,Royal Palm Beach,fl
133492,eckerd college,Saint Petersburg,fl
133508,florida southwestern state college,Fort Myers,fl
133553,embry-riddle aeronautical university-daytona beach,Daytona Beach,fl
133702,florida state college at jacksonville,Jacksonville,fl
133711,flagler college,Saint Augustine,fl
133872,adventhealth university,Orlando,fl
133960,the college of the florida keys,Key West,fl
133979,florida memorial university,Miami Gardens,fl
134079,florida southern college,Lakeland,fl
134237,full sail university,Winter Park,fl
134343,gulf coast state college,Panama City,fl
134510,hobe sound bible college,Hobe Sound,fl
134608,indian river state college,Fort Pierce,fl
134945,jacksonville university,Jacksonville,fl
135081,keiser university-ft lauderdale,Fort Lauderdale,fl
135160,florida gateway college,Lake City,fl
135188,lake-sumter state college,Leesburg,fl
135364,luther rice college & seminary,Lithonia,ga
135391,state college of florida-manatee-sarasota,Bradenton,fl
135717,miami dade college,Miami,fl
135726,university of miami,Coral Gables,fl
136145,north florida college,Madison,fl
136215,nova southeastern university,Fort Lauderdale,fl
136233,northwest florida state college,Niceville,fl
136330,palm beach atlantic university,West Palm Beach,fl
136358,palm beach state college,Lake Worth,fl
136400,pasco-hernando state college,New Port Richey,fl
136473,pensacola state college,Pensacola,fl
136516,polk state college,Winter Haven,fl
136774,ringling college of art and design,Sarasota,fl
136950,rollins college,Winter Park,fl
137032,saint leo university,Saint Leo,fl
137078,st petersburg college,St. Petersburg,fl
137096,santa fe college,Gainesville,fl
137209,seminole state college of florida,Sanford,fl
137272,st. john vianney college seminary,Miami,fl
137281,saint johns river state college,Palatka,fl
137315,south florida state college,Avon Park,fl
137476,st. thomas university,Miami Gardens,fl
137546,stetson university,DeLand,fl
137564,southeastern university,Lakeland,fl
137759,tallahassee community college,Tallahassee,fl
137777,talmudic college of florida,Miami Beach,fl
137847,the university of tampa,Tampa,fl
137953,trinity baptist college,Jacksonville,fl
138187,valencia college,Orlando,fl
138275,warner university,Lake Wales,fl
138293,webber international university,Babson Park,fl
138309,rasmussen university-florida,Ocala,fl
138558,abraham baldwin agricultural college,Tifton,ga
138600,agnes scott college,Decatur,ga
138716,albany state university,Albany,ga
138761,andrew college,Cuthbert,ga
138868,point university,West Point,ga
138901,atlanta metropolitan state college,Atlanta,ga
139144,berry college,Mount Berry,ga
139153,beulah heights university,Atlanta,ga
139199,brenau university,Gainesville,ga
139250,college of coastal georgia,Brunswick,ga
139311,clayton  state university,Morrow,ga
139366,columbus state university,Columbus,ga
139463,dalton state college,Dalton,ga
139579,south university-savannah,Savannah,ga
139621,east georgia state college,Swainsboro,ga
139658,emory university,Atlanta,ga
139700,georgia highlands college,Rome,ga
139719,fort valley state university,Fort Valley,ga
139764,georgia southwestern state university,Americus,ga
139931,georgia southern university,Statesboro,ga
139940,georgia state university,Atlanta,ga
139968,gordon state college,Barnesville,ga
140234,lagrange college,Lagrange,ga
140252,life university,Marietta,ga
140340,herzing university-atlanta,Atlanta,ga
140447,mercer university,Macon,ga
140571,morris brown college,Atlanta,ga
140696,oglethorpe university,Atlanta,ga
140720,paine college,Augusta,ga
140818,piedmont university,Demorest,ga
140872,reinhardt university,Waleska,ga
140951,savannah college of art and design,Savannah,ga
140960,savannah state university,Savannah,ga
140960,savannah state university,Savannah,ga
140988,shorter university,Rome,ga
141060,spelman college,Atlanta,ga
141167,thomas university,Thomasville,ga
141185,toccoa falls college,Toccoa Falls,ga
141237,truett mcconnell university,Cleveland,ga
141264,valdosta state university,Valdosta,ga
141325,wesleyan college,Macon,ga
141334,university of west georgia,Carrollton,ga
141361,young harris college,Young Harris,ga
141486,chaminade university of honolulu,Honolulu,hi
141565,university of hawaii at hilo,Hilo,hi
141574,university of hawaii at manoa,Honolulu,hi
141644,hawaii pacific university,Honolulu,hi
141839,university of hawaii maui college,Kahului,hi
141981,university of hawaii-west oahu,Kapolei,hi
142115,boise state university,Boise,id
142276,idaho state university,Pocatello,id
142285,university of idaho,Moscow,id
142294,the college of idaho,Caldwell,id
142328,lewis-clark state college,Lewiston,id
142461,northwest nazarene university,Nampa,id
142522,brigham young university-idaho,Rexburg,id
142559,college of southern idaho,Twin Falls,id
142957,american islamic college,Chicago,il
143048,school of the art institute of chicago,Chicago,il
143084,augustana college,Rock Island,il
143118,aurora university,Aurora,il
143288,blackburn college,Carlinville,il
143358,bradley university,Peoria,il
144005,chicago state university,Chicago,il
144050,university of chicago,Chicago,il
144281,columbia college chicago,Chicago,il
144351,concordia university-chicago,River Forest,il
144740,depaul university,Chicago,il
144883,east-west university,Chicago,il
144892,eastern illinois university,Charleston,il
144962,elmhurst university,Elmhurst,il
144971,eureka college,Eureka,il
145336,governors state university,University Park,il
145372,greenville university,Greenville,il
145600,university of illinois chicago,Chicago,il
145619,benedictine university,Lisle,il
145637,university of illinois urbana-champaign,Champaign,il
145646,illinois wesleyan university,Bloomington,il
145691,illinois college,Jacksonville,il
145725,illinois institute of technology,Chicago,il
145813,illinois state university,Normal,il
146339,judson university,Elgin,il
146427,knox college,Galesburg,il
146481,lake forest college,Lake Forest,il
146612,lewis university,Romeoville,il
146719,loyola university chicago,Chicago,il
147013,mckendree university,Lebanon,il
147244,millikin university,Decatur,il
147341,monmouth college,Monmouth,il
147369,moody bible institute,Chicago,il
147536,national louis university,Chicago,il
147660,north central college,Naperville,il
147679,north park university,Chicago,il
147703,northern illinois university,Dekalb,il
147767,northwestern university,Evanston,il
147776,northeastern illinois university,Chicago,il
147828,olivet nazarene university,Bourbonnais,il
148016,principia college,Elsah,il
148131,quincy university,Quincy,il
148405,rockford university,Rockford,il
148487,roosevelt university,Chicago,il
148496,dominican university,River Forest,il
148584,university of st francis,Joliet,il
148627,saint xavier university,Chicago,il
148654,university of illinois springfield,Springfield,il
149028,saint anthony college of nursing,Rockford,il
149222,southern illinois university-carbondale,Carbondale,il
149231,southern illinois university-edwardsville,Edwardsville,il
149505,trinity christian college,Palos Heights,il
149514,trinity international university-illinois,Deerfield,il
149639,vandercook college of music,Chicago,il
149772,western illinois university,Macomb,il
149781,wheaton college,Wheaton,il
150066,anderson university,Anderson,in
150136,ball state university,Muncie,in
150145,bethel university,Mishawaka,in
150163,butler university,Indianapolis,in
150172,calumet college of saint joseph,Whiting,in
150400,depauw university,Greencastle,in
150455,earlham college,Richmond,in
150534,university of evansville,Evansville,in
150604,franklin college,Franklin,in
150668,goshen college,Goshen,in
150677,grace college and theological seminary,Winona Lake,in
150756,hanover college,Hanover,in
150774,holy cross college,Notre Dame,in
150941,huntington university,Huntington,in
151102,purdue university fort wayne,Fort Wayne,in
151111,indiana university-purdue university-indianapolis,Indianapolis,in
151263,university of indianapolis,Indianapolis,in
151290,indiana institute of technology,Fort Wayne,in
151306,university of southern indiana,Evansville,in
151324,indiana state university,Terre Haute,in
151333,indiana university-kokomo,Kokomo,in
151342,indiana university-south bend,South Bend,in
151351,indiana university-bloomington,Bloomington,in
151360,indiana university-northwest,Gary,in
151379,indiana university-southeast,New Albany,in
151388,indiana university-east,Richmond,in
151777,manchester university,North Manchester,in
151786,marian university,Indianapolis,in
151801,indiana wesleyan university-marion,Marion,in
151810,martin university,Indianapolis,in
152080,university of notre dame,Notre Dame,in
152099,oakland city university,Oakland City,in
152318,rose-hulman institute of technology,Terre Haute,in
152336,university of saint francis-fort wayne,Fort Wayne,in
152381,saint mary-of-the-woods college,Saint Mary of the Woods,in
152390,saint mary's college,Notre Dame,in
152530,taylor university,Upland,in
152567,trine university,Angola,in
152600,valparaiso university,Valparaiso,in
152637,vincennes university,Vincennes,in
152673,wabash college,Crawfordsville,in
153001,buena vista university,Storm Lake,ia
153108,central college,Pella,ia
153126,clarke university,Dubuque,ia
153144,coe college,Cedar Rapids,ia
153162,cornell college,Mount Vernon,ia
153250,dordt university,Sioux Center,ia
153269,drake university,Des Moines,ia
153278,university of dubuque,Dubuque,ia
153366,graceland university-lamoni,Lamoni,ia
153375,grand view university,Des Moines,ia
153384,grinnell college,Grinnell,ia
153427,orion technical college,Davenport,ia
153603,iowa state university,Ames,ia
153658,university of iowa,Iowa City,ia
153825,loras college,Dubuque,ia
153834,luther college,Decorah,ia
153861,maharishi international university,Fairfield,ia
153977,mercy college of health sciences,Des Moines,ia
154004,morningside university,Sioux City,ia
154013,mount mercy university,Cedar Rapids,ia
154095,university of northern iowa,Cedar Falls,ia
154101,northwestern college,Orange City,ia
154235,saint ambrose university,Davenport,ia
154350,simpson college,Indianola,ia
154493,upper iowa university,Fayette,ia
154518,waldorf university,Forest City,ia
154527,wartburg college,Waverly,ia
154688,baker university,Baldwin City,ks
154712,benedictine college,Atchison,ks
154721,bethany college,Lindsborg,ks
154749,bethel college-north newton,North Newton,ks
154855,central christian college of kansas,McPherson,ks
155007,donnelly college,Kansas City,ks
155025,emporia state university,Emporia,ks
155061,fort hays state university,Hays,ks
155070,barclay college,Haviland,ks
155089,friends university,Wichita,ks
155140,haskell indian nations university,Lawrence,ks
155177,hesston college,Hesston,ks
155308,kansas christian college,Overland Park,ks
155317,university of kansas,Lawrence,ks
155335,newman university,Wichita,ks
155399,kansas state university,Manhattan,ks
155414,kansas wesleyan university,Salina,ks
155496,manhattan christian college,Manhattan,ks
155511,mcpherson college,McPherson,ks
155520,midamerica nazarene university,Olathe,ks
155627,ottawa university-ottawa,Ottawa,ks
155681,pittsburg state university,Pittsburg,ks
155812,university of saint mary,Leavenworth,ks
155900,southwestern college,Winfield,ks
155973,tabor college,Hillsboro,ks
156082,washburn university,Topeka,ks
156125,wichita state university,Wichita,ks
156189,alice lloyd college,Pippa Passes,ky
156213,asbury university,Wilmore,ky
156286,bellarmine university,Louisville,ky
156295,berea college,Berea,ky
156356,brescia university,Owensboro,ky
156408,centre college,Danville,ky
156417,clear creek baptist bible college,Pineville,ky
156471,galen college of nursing-louisville,Louisville,ky
156541,university of the cumberlands,Williamsburg,ky
156620,eastern kentucky university,Richmond,ky
157021,american national university-pikeville,Pikeville,ky
157058,kentucky state university,Frankfort,ky
157076,kentucky wesleyan college,Owensboro,ky
157085,university of kentucky,Lexington,ky
157216,lindsey wilson college,Columbia,ky
157289,university of louisville,Louisville,ky
157386,morehead state university,Morehead,ky
157401,murray state university,Murray,ky
157447,northern kentucky university,Highland Heights,ky
157535,university of pikeville,Pikeville,ky
157757,spalding university,Louisville,ky
157793,sullivan university,Louisville,ky
157809,thomas more university,Crestview Hills,ky
157818,transylvania university,Lexington,ky
157863,union college,Barbourville,ky
157951,western kentucky university,Bowling Green,ky
158477,centenary college of louisiana,Shreveport,la
158802,dillard university,New Orleans,la
159382,louisiana state university-alexandria,Alexandria,la
159391,louisiana state university and agricultural & mechanical college,Baton Rouge,la
159656,loyola university new orleans,New Orleans,la
159717,mcneese state university,Lake Charles,la
159939,university of new orleans,New Orleans,la
159948,new orleans baptist theological seminary,New Orleans,la
159966,nicholls state university,Thibodaux,la
159993,university of louisiana at monroe,Monroe,la
160038,northwestern state university of louisiana,Natchitoches,la
160065,university of holy cross,New Orleans,la
160074,franciscan missionaries of our lady university,Baton Rouge,la
160409,saint joseph seminary college,St. Benedict,la
160612,southeastern louisiana university,Hammond,la
160621,southern university and a & m college,Baton Rouge,la
160630,southern university at new orleans,New Orleans,la
160658,university of louisiana at lafayette,Lafayette,la
160755,tulane university of louisiana,New Orleans,la
160904,xavier university of louisiana,New Orleans,la
160959,college of the atlantic,Bar Harbor,me
160977,bates college,Lewiston,me
160995,beal university,Bangor,me
16099501,beal university,Wilton,me
161004,bowdoin college,Brunswick,me
161086,colby college,Waterville,me
161217,university of maine at augusta,Augusta,me
161226,university of maine at farmington,Farmington,me
161235,university of maine at fort kent,Fort Kent,me
161253,university of maine,Orono,me
161299,maine maritime academy,Castine,me
161341,university of maine at presque isle,Presque Isle,me
161457,university of new england,Biddeford,me
161509,maine college of art & design,Portland,me
161518,saint joseph's college of maine,Standish,me
161554,university of southern maine,Portland,me
161563,thomas college,Waterville,me
161572,unity college,New Gloucester,me
161873,university of baltimore,Baltimore,md
162007,bowie state university,Bowie,md
162061,capitol technology university,Laurel,md
162210,washington adventist university,Takoma Park,md
162283,coppin state university,Baltimore,md
162584,frostburg state university,Frostburg,md
162654,goucher college,Baltimore,md
162760,hood college,Frederick,md
162928,johns hopkins university,Baltimore,md
163046,loyola university maryland,Baltimore,md
163204,university of maryland global campus,Adelphi,md
163286,university of maryland-college park,College Park,md
163295,maryland institute college of art,Baltimore,md
163338,university of maryland eastern shore,Princess Anne,md
163453,morgan state university,Baltimore,md
163462,mount st. mary's university,Emmitsburg,md
163532,ner israel rabbinical college,Baltimore,md
163578,notre dame of maryland university,Baltimore,md
163851,salisbury university,Salisbury,md
163912,st. mary's college of maryland,St. Mary's City,md
163976,st. john's college,Annapolis,md
164076,towson university,Towson,md
164173,stevenson university,Owings Mills,md
164216,washington college,Chestertown,md
164270,mcdaniel college,Westminster,md
164368,hult international business school,Cambridge,ma
164447,american international college,Springfield,ma
164465,amherst college,Amherst,ma
164492,anna maria college,Paxton,ma
164562,assumption university,Worcester,ma
164580,babson college,Wellesley,ma
164632,bay path university,Longmeadow,ma
164641,bay state college,Boston,ma
164739,bentley university,Waltham,ma
164748,berklee college of music,Boston,ma
164872,boston architectural college,Boston,ma
164924,boston college,Chestnut Hill,ma
164988,boston university,Boston,ma
165015,brandeis university,Waltham,ma
165024,bridgewater state university,Bridgewater,ma
165264,laboure college of healthcare,Milton,ma
165334,clark university,Worcester,ma
165529,curry college,Milton,ma
165574,dean college,Franklin,ma
165662,emerson college,Boston,ma
165671,emmanuel college,Boston,ma
165699,endicott college,Beverly,ma
165802,fisher college,Boston,ma
165820,fitchburg state university,Fitchburg,ma
165866,framingham state university,Framingham,ma
165884,benjamin franklin cummings institute of technology,Boston,ma
165936,gordon college,Wenham,ma
166018,hampshire college,Amherst,ma
166054,hellenic college-holy cross greek orthodox school of theology,Brookline,ma
166124,college of the holy cross,Worcester,ma
166391,lasell university,Newton,ma
166452,lesley university,Cambridge,ma
166489,longy school of music of bard college,Cambridge,ma
166513,university of massachusetts-lowell,Lowell,ma
166629,university of massachusetts-amherst,Amherst,ma
166638,university of massachusetts-boston,Boston,ma
166656,mcphs university,Boston,ma
166674,massachusetts college of art and design,Boston,ma
166692,massachusetts maritime academy,Buzzards Bay,ma
166850,merrimack college,North Andover,ma
166911,montserrat college of art,Beverly,ma
166939,mount holyoke college,South Hadley,ma
167057,the new england conservatory of music,Boston,ma
167260,nichols college,Dudley,ma
167288,massachusetts college of liberal arts,North Adams,ma
167358,northeastern university,Boston,ma
167394,college of our lady of the elms,Chicopee,ma
167525,quincy college,Quincy,ma
167598,regis college,Weston,ma
167729,salem state university,Salem,ma
167783,simmons university,Boston,ma
167792,bard college at simon's rock,Great Barrington,ma
167835,smith college,Northampton,ma
167899,springfield college,Springfield,ma
167987,university of massachusetts-dartmouth,North Dartmouth,ma
167996,stonehill college,Easton,ma
168005,suffolk university,Boston,ma
168148,tufts university,Medford,ma
168218,wellesley college,Wellesley,ma
168227,wentworth institute of technology,Boston,ma
168254,western new england university,Springfield,ma
168263,westfield state university,Westfield,ma
168281,wheaton college (massachusetts),Norton,ma
168342,williams college,Williamstown,ma
168421,worcester polytechnic institute,Worcester,ma
168430,worcester state university,Worcester,ma
168546,albion college,Albion,mi
168591,alma college,Alma,mi
168607,alpena community college,Alpena,mi
168740,andrews university,Berrien Springs,mi
168786,aquinas college,Grand Rapids,mi
168847,baker college,Owosso,mi
169080,calvin university,Grand Rapids,mi
169248,central michigan university,Mount Pleasant,mi
169327,cleary university,Howell,mi
169363,concordia university ann arbor,Ann Arbor,mi
169442,college for creative studies,Detroit,mi
169479,davenport university,Grand Rapids,mi
169716,university of detroit mercy,Detroit,mi
169798,eastern michigan university,Ypsilanti,mi
169910,ferris state university,Big Rapids,mi
169983,kettering university,Flint,mi
170000,grace christian university,Wyoming,mi
170082,grand valley state university,Allendale,mi
170240,henry ford college,Dearborn,mi
170286,hillsdale college,Hillsdale,mi
170301,hope college,Holland,mi
170444,jackson college,Jackson,mi
170532,kalamazoo college,Kalamazoo,mi
170639,lake superior state university,Sault Ste Marie,mi
170675,lawrence technological university,Southfield,mi
170806,madonna university,Livonia,mi
170976,university of michigan-ann arbor,Ann Arbor,mi
171100,michigan state university,East Lansing,mi
171128,michigan technological university,Houghton,mi
171137,university of michigan-dearborn,Dearborn,mi
171146,university of michigan-flint,Flint,mi
171456,northern michigan university,Marquette,mi
171483,northwestern michigan college,Traverse City,mi
171492,northwood university,Midland,mi
171571,oakland university,Rochester Hills,mi
171599,olivet college,Olivet,mi
172033,sacred heart major seminary,Detroit,mi
172051,saginaw valley state university,University Center,mi
172200,schoolcraft community college district,Livonia,mi
172264,siena heights university,Adrian,mi
172334,spring arbor university,Spring Arbor,mi
172699,western michigan university,Kalamazoo,mi
172866,academy college,Bloomington,mn
173045,augsburg university,Minneapolis,mn
173124,bemidji state university,Bemidji,mn
173142,bethany lutheran college,Mankato,mn
173160,bethel university,Saint Paul,mn
173258,carleton college,Northfield,mn
173300,concordia college at moorhead,Moorhead,mn
173328,concordia university-saint paul,Saint Paul,mn
173647,gustavus adolphus college,Saint Peter,mn
173665,hamline university,Saint Paul,mn
173902,macalester college,Saint Paul,mn
173920,minnesota state university-mankato,Mankato,mn
174020,metropolitan state university,Saint Paul,mn
174066,university of minnesota-twin cities,Minneapolis,mn
174127,minneapolis college of art and design,Minneapolis,mn
174154,herzing university-minneapolis,St. Louis Park,mn
174233,university of minnesota-duluth,Duluth,mn
174251,university of minnesota-morris,Morris,mn
174358,minnesota state university moorhead,Moorhead,mn
174437,north central university,Minneapolis,mn
174491,university of northwestern-st paul,Saint Paul,mn
174525,oak hills christian college,Bemidji,mn
174747,college of saint benedict,Saint Joseph,mn
174783,saint cloud state university,Saint Cloud,mn
174792,saint johns university,Collegeville,mn
174817,saint mary's university of minnesota,Winona,mn
174844,st olaf college,Northfield,mn
174862,crown college,Saint Bonifacius,mn
174899,the college of saint scholastica,Duluth,mn
174914,university of st thomas,Saint Paul,mn
175005,st catherine university,Saint Paul,mn
175014,rasmussen university-minnesota,St. Cloud,mn
175078,southwest minnesota state university,Marshall,mn
175227,dunwoody college of technology,Minneapolis,mn
175272,winona state university,Winona,mn
175315,century college,White Bear Lake,mn
175421,belhaven university,Jackson,ms
175616,delta state university,Cleveland,ms
175856,jackson state university,Jackson,ms
175980,millsaps college,Jackson,ms
176017,university of mississippi,University,ms
176035,mississippi university for women,Columbus,ms
176044,mississippi valley state university,Itta Bena,ms
176053,mississippi college,Clinton,ms
176080,mississippi state university,Mississippi State,ms
176318,rust college,Holly Springs,ms
176336,southeastern baptist college,Laurel,ms
176372,university of southern mississippi,Hattiesburg,ms
176628,avila university,Kansas City,mo
176664,baptist bible college,Springfield,mo
176947,central methodist university-college of liberal arts and sciences,Fayette,mo
176965,university of central missouri,Warrensburg,mo
177038,cleveland university-kansas city,Overland Park,ks
177065,columbia college,Columbia,mo
177117,cottey college,Nevada,mo
177144,culver-stockton college,Canton,mo
177214,drury university,Springfield,mo
177339,evangel university,Springfield,mo
177551,harris-stowe state university,Saint Louis,mo
177746,kansas city art institute,Kansas City,mo
177940,lincoln university,Jefferson City,mo
177968,lindenwood university,Saint Charles,mo
177986,logan university,Chesterfield,mo
178059,maryville university of saint louis,Saint Louis,mo
178244,missouri baptist university,Saint Louis,mo
178341,missouri southern state university,Joplin,mo
178369,missouri valley college,Marshall,mo
178387,missouri western state university,Saint Joseph,mo
178396,university of missouri-columbia,Columbia,mo
178402,university of missouri-kansas city,Kansas City,mo
178411,missouri university of science and technology,Rolla,mo
178420,university of missouri-st louis,Saint Louis,mo
178624,northwest missouri state university,Maryville,mo
178679,ozark christian college,Joplin,mo
178721,park university,Parkville,mo
178767,stevens-the institute of business & arts,Saint Louis,mo
178891,ranken technical college,Saint Louis,mo
179043,rockhurst university,Kansas City,mo
179159,saint louis university,Saint Louis,mo
179326,southwest baptist university,Bolivar,mo
179548,stephens college,Columbia,mo
179557,southeast missouri state university,Cape Girardeau,mo
179566,missouri state university-springfield,Springfield,mo
179867,washington university in st louis,Saint Louis,mo
179894,webster university,Saint Louis,mo
179946,westminster college,Fulton,mo
179955,william jewell college,Liberty,mo
179964,william woods university,Fulton,mo
180106,carroll college,Helena,mt
180179,montana state university billings,Billings,mt
180203,aaniiih nakoda college,Harlem,mt
180258,university of providence,Great Falls,mt
180416,montana technological university,Butte,mt
180461,montana state university,Bozeman,mt
180489,the university of montana,Missoula,mt
180522,montana state university-northern,Havre,mt
180595,rocky mountain college,Billings,mt
180647,salish kootenai college,Pablo,mt
180692,the university of montana-western,Dillon,mt
180814,bellevue university,Bellevue,ne
180832,clarkson college,Omaha,ne
180878,bryan college of health sciences,Lincoln,ne
180948,chadron state college,Chadron,ne
180984,concordia university-nebraska,Seward,ne
181002,creighton university,Omaha,ne
181020,doane university,Crete,ne
181127,hastings college,Hastings,ne
181215,university of nebraska at kearney,Kearney,ne
181297,nebraska methodist college of nursing & allied health,Omaha,ne
181330,midland university,Fremont,ne
181394,university of nebraska at omaha,Omaha,ne
181446,nebraska wesleyan university,Lincoln,ne
181464,university of nebraska-lincoln,Lincoln,ne
181534,peru state college,Peru,ne
181738,union college,Lincoln,ne
181783,wayne state college,Wayne,ne
181853,york university,York,ne
182005,college of southern nevada,Las Vegas,nv
182281,university of nevada-las vegas,Las Vegas,nv
182290,university of nevada-reno,Reno,nv
182306,great basin college,Elko,nv
182500,truckee meadows community college,Reno,nv
182564,western nevada college,Carson City,nv
182634,colby-sawyer college,New London,nh
182795,franklin pierce university,Rindge,nh
182980,new england college,Henniker,nh
183026,southern new hampshire university,Manchester,nh
183044,university of new hampshire-main campus,Durham,nh
183062,keene state college,Keene,nh
183071,university of new hampshire at manchester,Manchester,nh
183080,plymouth state university,Plymouth,nh
183211,rivier university,Nashua,nh
183239,saint anselm college,Manchester,nh
183257,granite state college,Concord,nh
183275,thomas more college of liberal arts,Merrimack,nh
183789,berkeley college-woodland park,Woodland Park,nj
183804,beth medrash govoha,Lakewood,nj
183822,bloomfield college,Bloomfield,nj
183910,caldwell university,Caldwell,nj
183974,centenary university,Hackettstown,nj
184348,drew university,Madison,nj
184603,fairleigh dickinson university-metropolitan campus,Teaneck,nj
184612,felician university,Lodi,nj
184694,fairleigh dickinson university-florham campus,Madison,nj
184773,georgian court university,Lakewood,nj
184782,rowan university,Glassboro,nj
184959,eastwick college-ramsey,Ramsey,nj
185129,new jersey city university,Jersey City,nj
185262,kean university,Union,nj
185572,monmouth university,West Long Branch,nj
185590,montclair state university,Montclair,nj
185828,new jersey institute of technology,Newark,nj
186131,princeton university,Princeton,nj
186186,rabbinical college of america,Morristown,nj
186201,ramapo college of new jersey,Mahwah,nj
186283,rider university,Lawrenceville,nj
186371,rutgers university-camden,Camden,nj
186380,rutgers university-new brunswick,New Brunswick,nj
186399,rutgers university-newark,Newark,nj
186432,saint peter's university,Jersey City,nj
186584,seton hall university,South Orange,nj
186618,saint elizabeth university,Morristown,nj
186867,stevens institute of technology,Hoboken,nj
186876,stockton university,Galloway,nj
186900,talmudical academy-new jersey,Adelphia,nj
187134,the college of new jersey,Ewing,nj
187444,william paterson university of new jersey,Wayne,nj
187596,navajo technical university,Crownpoint,nm
187745,institute of american indian and alaska native culture and arts development,Santa Fe,nm
187897,new mexico highlands university,Las Vegas,nm
187985,university of new mexico-main campus,Albuquerque,nm
188030,new mexico state university-main campus,Las Cruces,nm
188058,northern new mexico college,Espanola,nm
188182,university of the southwest,Hobbs,nm
188304,western new mexico university,Silver City,nm
188340,vaughn college of aeronautics and technology,Flushing,ny
188429,adelphi university,Garden City,ny
188517,bryant & stratton college-albany,Albany,ny
188526,albany college of pharmacy and health sciences,Albany,ny
188854,american musical and dramatic academy,New York,ny
189088,bard college,Annandale-On-Hudson,ny
189097,barnard college,New York,ny
189228,berkeley college-new york,New York,ny
189413,boricua college,New York,ny
189565,bryant & stratton college-syracuse north,Liverpool,ny
189583,bryant & stratton college-buffalo,Buffalo,ny
189592,bryant & stratton college-greece,Rochester,ny
189705,canisius college,Buffalo,ny
189857,central yeshiva tomchei tmimim lubavitz,Brooklyn,ny
190044,clarkson university,Potsdam,ny
190099,colgate university,Hamilton,ny
190114,metropolitan college of new york,New York,ny
190150,columbia university in the city of new york,New York,ny
190372,the cooper union for the advancement of science and art,New York,ny
190415,cornell university,Ithaca,ny
190503,culinary institute of america,Hyde Park,ny
190512,cuny bernard m baruch college,New York,ny
190549,cuny brooklyn college,Brooklyn,ny
190558,college of staten island cuny,Staten Island,ny
190567,cuny city college,New York,ny
190576,cuny graduate school and university center,New York,ny
190594,cuny hunter college,New York,ny
190600,cuny john jay college of criminal justice,New York,ny
190637,cuny lehman college,Bronx,ny
190646,cuny medgar evers college,Brooklyn,ny
190655,cuny new york city college of technology,Brooklyn,ny
190664,cuny queens college,Queens,ny
190691,cuny york college,Jamaica,ny
190716,d'youville  university,Buffalo,ny
190725,daemen university,Amherst,ny
190761,dominican university new york,Orangeburg,ny
190983,elmira college,Elmira,ny
191126,fashion institute of technology,New York,ny
191205,five towns college,Dix Hills,ny
191241,fordham university,Bronx,ny
191515,hamilton college,Clinton,ny
191533,hartwick college,Oneonta,ny
191597,helene fuld college of nursing,New York,ny
191621,hilbert college,Hamburg,ny
191630,hobart william smith colleges,Geneva,ny
191649,hofstra university,Hempstead,ny
191676,houghton university,Houghton,ny
191968,ithaca college,Ithaca,ny
192110,the juilliard school,New York,ny
192165,kehilath yakov rabbinical seminary,Ossining,ny
192192,keuka college,Keuka Park,ny
192271,lim college,New York,ny
192323,le moyne college,Syracuse,ny
192448,long island university,Brookville,ny
192624,machzikei hadath rabbinical college,Brooklyn,ny
192703,manhattan college,Riverdale,ny
192712,manhattan school of music,New York,ny
192749,manhattanville college,Purchase,ny
192785,maria college of albany,Albany,ny
192819,marist college,Poughkeepsie,ny
192864,marymount manhattan college,New York,ny
193016,mercy college,Dobbs Ferry,ny
193052,mesivta torah vodaath rabbinical seminary,Brooklyn,ny
193061,mesivta of eastern parkway-yeshiva zichron meilech,Brooklyn,ny
193070,mesivtha tifereth jerusalem of america,New York,ny
193247,mirrer yeshiva cent institute,Brooklyn,ny
193292,molloy college,Rockville Centre,ny
193308,monroe college,Bronx,ny
193353,mount saint mary college,Newburgh,ny
193399,college of mount saint vincent,Bronx,ny
193584,nazareth college,Rochester,ny
193654,the new school,New York,ny
193900,new york university,New York,ny
193973,niagara university,Niagara University,ny
194091,new york institute of technology,Old Westbury,ny
194116,new york school of interior design,New York,ny
194310,pace university,New York,ny
194392,paul smiths college of arts and science,Paul Smiths,ny
194499,plaza college,Forest Hills,ny
194569,davis college,Pottersville,ny
194578,pratt institute-main,Brooklyn,ny
194657,rabbinical academy mesivta rabbi chaim berlin,Brooklyn,ny
194666,rabbinical college bobover yeshiva bnei zion,Brooklyn,ny
194693,rabbinical college beth shraga,Monsey,ny
194718,rabbinical seminary mkor chaim,Lakewood,nj
194736,rabbinical college of long island,Long Beach,ny
194763,rabbinical seminary of america,Flushing,ny
194824,rensselaer polytechnic institute,Troy,ny
194958,roberts wesleyan university,Rochester,ny
195003,rochester institute of technology,Rochester,ny
195030,university of rochester,Rochester,ny
195128,russell sage college,Troy,ny
195164,st bonaventure university,Saint Bonaventure,ny
195173,st. francis college,Brooklyn,ny
195216,st lawrence university,Canton,ny
195243,st. thomas aquinas college,Sparkill,ny
195304,sarah lawrence college,Bronxville,ny
195438,sh'or yoshuv rabbinical college,Lawrence,ny
195474,siena college,Loudonville,ny
195526,skidmore college,Saratoga Springs,ny
195544,st. joseph's university-new york,Brooklyn,ny
195720,st. john fisher university,Rochester,ny
195809,st. john's university-new york,Queens,ny
196006,suny college of technology at alfred,Alfred,ny
196015,suny college of technology at canton,Canton,ny
196024,suny college of technology at delhi,Delhi,ny
196033,suny college of agriculture and technology at cobleskill,Cobleskill,ny
196042,farmingdale state college,Farmingdale,ny
196051,suny morrisville,Morrisville,ny
196060,suny at albany,Albany,ny
196079,binghamton university,Vestal,ny
196088,university at buffalo,Buffalo,ny
196097,stony brook university,Stony Brook,ny
196103,suny college of environmental science and forestry,Syracuse,ny
196112,suny polytechnic institute,Utica,ny
196121,suny brockport,Brockport,ny
196130,suny buffalo state university,Buffalo,ny
196149,suny cortland,Cortland,ny
196158,suny at fredonia,Fredonia,ny
196167,suny college at geneseo,Geneseo,ny
196176,state university of new york at new paltz,New Paltz,ny
196185,suny oneonta,Oneonta,ny
196194,state university of new york at oswego,Oswego,ny
196200,suny college at potsdam,Potsdam,ny
196219,suny at purchase college,Purchase,ny
196237,suny college at old westbury,Old Westbury,ny
196246,suny college at plattsburgh,Plattsburgh,ny
196264,empire state university,Saratoga Springs,ny
196291,suny maritime college,Throggs Neck,ny
196413,syracuse university,Syracuse,ny
196431,talmudical seminary oholei torah,Brooklyn,ny
196583,torah temimah talmudical seminary,Staten Island,ny
196592,touro university,New York,ny
196653,trocaire college,Buffalo,ny
196680,excelsior university,Albany,ny
196866,union college,Schenectady,ny
197018,united talmudical seminary,Brooklyn,ny
197045,utica university,Utica,ny
197133,vassar college,Poughkeepsie,ny
197142,villa maria college,Buffalo,ny
197151,school of visual arts,New York,ny
197197,wagner college,Staten Island,ny
197221,webb institute,Glen Cove,ny
197285,the college of westchester,White Plains,ny
197601,yeshiva karlin stolin,Brooklyn,ny
197647,yeshiva derech chaim,Brooklyn,ny
197674,yeshiva of nitra rabbinical college,Chester,ny
197692,yeshivath shaar hatorah,Kew Gardens,ny
197708,yeshiva university,New York,ny
197744,yeshivath zichron moshe,South Fallsburg,ny
197869,appalachian state university,Boone,nc
197911,barton college,Wilson,nc
197984,belmont abbey college,Belmont,nc
197993,bennett college,Greensboro,nc
198066,brevard college,Brevard,nc
198136,campbell university,Buies Creek,nc
198215,catawba college,Salisbury,nc
198303,chowan university,Murfreesboro,nc
198385,davidson college,Davidson,nc
198419,duke university,Durham,nc
198464,east carolina university,Greenville,nc
198507,elizabeth city state university,Elizabeth City,nc
198516,elon university,Elon,nc
198543,fayetteville state university,Fayetteville,nc
198561,gardner-webb university,Boiling Springs,nc
198598,greensboro college,Greensboro,nc
198613,guilford college,Greensboro,nc
198677,heritage bible college,Dunn,nc
198695,high point university,High Point,nc
198756,johnson c smith university,Charlotte,nc
198808,lees-mcrae college,Banner Elk,nc
198835,lenoir-rhyne university,Hickory,nc
198899,mars hill university,Mars Hill,nc
198950,meredith college,Raleigh,nc
198969,methodist university,Fayetteville,nc
198978,miller-motte college-wilmington,Wilmington,nc
199032,montreat college,Montreat,nc
199069,university of mount olive,Mount Olive,nc
199102,north carolina a & t state university,Greensboro,nc
199111,university of north carolina at asheville,Asheville,nc
199120,university of north carolina at chapel hill,Chapel Hill,nc
199139,university of north carolina at charlotte,Charlotte,nc
199148,university of north carolina at greensboro,Greensboro,nc
199157,north carolina central university,Durham,nc
199184,university of north carolina school of the arts,Winston Salem,nc
199193,north carolina state university at raleigh,Raleigh,nc
199209,north carolina wesleyan university,Rocky Mount,nc
199218,university of north carolina wilmington,Wilmington,nc
199272,william peace university,Raleigh,nc
199281,university of north carolina at pembroke,Pembroke,nc
199306,pfeiffer university,Misenheimer,nc
199412,queens university of charlotte,Charlotte,nc
199458,mid-atlantic christian university,Elizabeth City,nc
199607,salem college,Winston-Salem,nc
199643,shaw university,Raleigh,nc
199698,st. andrews university,Laurinburg,nc
199759,southeastern baptist theological seminary,Wake Forest,nc
199847,wake forest university,Winston-Salem,nc
199865,warren wilson college,Swannanoa,nc
199962,wingate university,Wingate,nc
199971,carolina christian college,Winston Salem,nc
200004,western carolina university,Cullowhee,nc
200013,rasmussen university-north dakota,Fargo,nd
200022,bismarck state college,Bismarck,nd
200059,dickinson state university,Dickinson,nd
200086,nueta hidatsa sahnish college,New Town,nd
200156,university of jamestown,Jamestown,nd
200217,university of mary,Bismarck,nd
200226,mayville state university,Mayville,nd
200253,minot state university,Minot,nd
200280,university of north dakota,Grand Forks,nd
200332,north dakota state university-main campus,Fargo,nd
200466,sitting bull college,Fort Yates,nd
200527,turtle mountain community college,Belcourt,nd
200554,united tribes technical college,Bismarck,nd
200572,valley city state university,Valley City,nd
200785,herzing university-akron,Akron,oh
200800,university of akron main campus,Akron,oh
201061,art academy of cincinnati,Cincinnati,oh
201104,ashland university,Ashland,oh
201177,aultman college of nursing and health sciences,Canton,oh
201195,baldwin wallace university,Berea,oh
201371,bluffton university,Bluffton,oh
201432,bowling green state university-firelands,Huron,oh
201441,bowling green state university-main campus,Bowling Green,oh
201469,bryant & stratton college-parma,Parma,oh
201548,capital university,Columbus,oh
201645,case western reserve university,Cleveland,oh
201654,cedarville university,Cedarville,oh
201672,central ohio technical college,Newark,oh
201690,central state university,Wilberforce,oh
201821,the christ college of nursing and health sciences,Cincinnati,oh
201885,university of cincinnati-main campus,Cincinnati,oh
201928,cincinnati state technical and community college,Cincinnati,oh
201946,university of cincinnati-clermont college,Batavia,oh
201955,university of cincinnati-blue ash college,Blue Ash,oh
201964,ohio christian university,Circleville,oh
201973,clark state college,Springfield,oh
202046,cleveland institute of art,Cleveland,oh
202073,cleveland institute of music,Cleveland,oh
202170,columbus college of art and design,Columbus,oh
202480,university of dayton,Dayton,oh
202514,defiance college,Defiance,oh
202523,denison university,Granville,oh
202763,the university of findlay,Findlay,oh
202806,franklin university,Columbus,oh
202903,gods bible school and college,Cincinnati,oh
203085,heidelberg university,Tiffin,oh
203128,hiram college,Hiram,oh
203368,john carroll university,University Heights,oh
203447,kent state university at ashtabula,Ashtabula,oh
203456,kent state university at east liverpool,East Liverpool,oh
203465,kent state university at stark,North Canton,oh
203474,kent state university at trumbull,Warren,oh
203483,kent state university at tuscarawas,New Philadelphia,oh
203492,kent state university at salem,Salem,oh
203517,kent state university at kent,Kent,oh
203526,kent state university at geauga,Burton,oh
203535,kenyon college,Gambier,oh
203580,lake erie college,Painesville,oh
203748,lorain county community college,Elyria,oh
203757,lourdes university,Sylvania,oh
203775,malone university,Canton,oh
203845,marietta college,Marietta,oh
203960,mercy college of ohio,Toledo,oh
204006,miami university-hamilton,Hamilton,oh
204015,miami university-middletown,Middletown,oh
204024,miami university-oxford,Oxford,oh
204176,mount carmel college of nursing,Columbus,oh
204185,university of mount union,Alliance,oh
204194,mount vernon nazarene university,Mount Vernon,oh
204200,mount saint joseph university,Cincinnati,oh
204255,zane state college,Zanesville,oh
204264,muskingum university,New Concord,oh
204422,north central state college,Mansfield,oh
204486,university of northwestern ohio,Lima,oh
204501,oberlin college,Oberlin,oh
204617,ohio dominican university,Columbus,oh
204635,ohio northern university,Ada,oh
204671,ohio state university-lima campus,Lima,oh
204680,ohio state university-mansfield campus,Mansfield,oh
204699,ohio state university-marion campus,Marion,oh
204705,ohio state university-newark campus,Newark,oh
204796,ohio state university-main campus,Columbus,oh
204802,ohio university-eastern campus,Saint Clairsville,oh
204820,ohio university-chillicothe campus,Chillicothe,oh
204839,ohio university-southern campus,Ironton,oh
204848,ohio university-lancaster campus,Lancaster,oh
204857,ohio university-main campus,Athens,oh
204866,ohio university-zanesville campus,Zanesville,oh
204909,ohio wesleyan university,Delaware,oh
204936,otterbein university,Westerville,oh
205124,rabbinical college telshe,Wickliffe,oh
205203,university of rio grande,Rio Grande,oh
205391,the modern college of design,Kettering,oh
205443,shawnee state university,Portsmouth,oh
205470,sinclair community college,Dayton,oh
205957,franciscan university of steubenville,Steubenville,oh
206048,tiffin university,Tiffin,oh
206084,university of toledo,Toledo,oh
206154,tri-state bible college,South Point,oh
206349,ursuline college,Pepper Pike,oh
206437,walsh university,North Canton,oh
206491,wilberforce university,Wilberforce,oh
206507,wilmington college,Wilmington,oh
206525,wittenberg university,Springfield,oh
206589,the college of wooster,Wooster,oh
206604,wright state university-main campus,Dayton,oh
206613,wright state university-lake campus,Celina,oh
206622,xavier university,Cincinnati,oh
206695,youngstown state university,Youngstown,oh
206835,oklahoma wesleyan university,Bartlesville,ok
206862,southern nazarene university,Bethany,ok
206914,cameron university,Lawton,ok
206941,university of central oklahoma,Edmond,ok
207041,east central university,Ada,ok
207209,langston university,Langston,ok
207254,spartan college of aeronautics and technology,Tulsa,ok
207263,northeastern state university,Tahlequah,ok
207306,northwestern oklahoma state university,Alva,ok
207324,oklahoma christian university,Edmond,ok
207351,oklahoma panhandle state university,Goodwell,ok
207388,oklahoma state university-main campus,Stillwater,ok
207397,oklahoma state university-oklahoma city,Oklahoma City,ok
207403,oklahoma baptist university,Shawnee,ok
207458,oklahoma city university,Oklahoma City,ok
207500,university of oklahoma-norman campus,Norman,ok
207564,oklahoma state university institute of technology,Okmulgee,ok
207582,oral roberts university,Tulsa,ok
207661,rogers state university,Claremore,ok
207722,university of science and arts of oklahoma,Chickasha,ok
207847,southeastern oklahoma state university,Durant,ok
207856,southwestern christian university,Bethany,ok
207865,southwestern oklahoma state university,Weatherford,ok
207971,university of tulsa,Tulsa,ok
208512,sumner college,Portland,or
208646,eastern oregon university,La Grande,or
208725,new hope christian college-eugene,Eugene,or
208822,george fox university,Newberg,or
209056,lewis & clark college,Portland,or
209065,linfield university,McMinnville,or
209241,mount angel seminary,Saint Benedict,or
209409,bushnell university,Eugene,or
209490,oregon health & science university,Portland,or
209506,oregon institute of technology,Klamath Falls,or
209542,oregon state university,Corvallis,or
209551,university of oregon,Eugene,or
209612,pacific university,Forest Grove,or
209807,portland state university,Portland,or
209825,university of portland,Portland,or
209922,reed college,Portland,or
210146,southern oregon university,Ashland,or
210304,warner pacific university,Portland,or
210331,corban university,Salem,or
210401,willamette university,Salem,or
210429,western oregon university,Monmouth,or
210492,bryn athyn college of the new church,Bryn Athyn,pa
210571,albright college,Reading,pa
210669,allegheny college,Meadville,pa
210739,desales university,Center Valley,pa
211088,arcadia university,Glenside,pa
211273,bryn mawr college,Bryn Mawr,pa
211291,bucknell university,Lewisburg,pa
211431,carlow university,Pittsburgh,pa
211440,carnegie mellon university,Pittsburgh,pa
211468,cedar crest college,Allentown,pa
211477,central penn college,Summerdale,pa
211556,chatham university,Pittsburgh,pa
211583,chestnut hill college,Philadelphia,pa
211608,cheyney university of pennsylvania,Cheyney,pa
211893,curtis institute of music,Philadelphia,pa
211981,delaware valley university,Doylestown,pa
212009,dickinson college,Carlisle,pa
212106,duquesne university,Pittsburgh,pa
212115,east stroudsburg university of pennsylvania,East Stroudsburg,pa
212133,eastern university,Saint Davids,pa
212197,elizabethtown college,Elizabethtown,pa
212577,franklin and marshall college,Lancaster,pa
212601,gannon university,Erie,pa
212656,geneva college,Beaver Falls,pa
212674,gettysburg college,Gettysburg,pa
212805,grove city college,Grove City,pa
212832,gwynedd mercy university,Gwynedd Valley,pa
212911,haverford college,Haverford,pa
212984,holy family university,Philadelphia,pa
213011,immaculata university,Immaculata,pa
213020,indiana university of pennsylvania-main campus,Indiana,pa
213251,juniata college,Huntingdon,pa
213303,keystone college,La Plume,pa
213321,king's college,Wilkes-Barre,pa
213358,la roche university,Pittsburgh,pa
213367,la salle university,Philadelphia,pa
213376,lackawanna college,Scranton,pa
213385,lafayette college,Easton,pa
213400,lancaster bible college,Lancaster,pa
213507,lebanon valley college,Annville,pa
213543,lehigh university,Bethlehem,pa
213598,lincoln university,Lincoln University,pa
213668,lycoming college,Williamsport,pa
213774,manor college,Jenkintown,pa
213826,marywood university,Scranton,pa
213987,mercyhurst university,Erie,pa
213996,messiah university,Mechanicsburg,pa
214041,millersville university of pennsylvania,Millersville,pa
214069,misericordia university,Dallas,pa
214148,moore college of art and design,Philadelphia,pa
214157,moravian university,Bethlehem,pa
214166,mount aloysius college,Cresson,pa
214175,muhlenberg college,Allentown,pa
214272,neumann university,Aston,pa
214582,pennsylvania institute of technology,Media,pa
214591,pennsylvania state university-penn state erie-behrend college,Erie,pa
214625,pennsylvania state university-penn state new kensington,New Kensington,pa
214634,pennsylvania state university-penn state shenango,Sharon,pa
214643,pennsylvania state university-penn state wilkes-barre,Dallas,pa
214652,pennsylvania state university-penn state scranton,Dunmore,pa
214670,pennsylvania state university-penn state lehigh valley,Center Valley,pa
214689,pennsylvania state university-penn state altoona,Altoona,pa
214698,pennsylvania state university-penn state beaver,Monaca,pa
214704,pennsylvania state university-penn state berks,Reading,pa
214713,pennsylvania state university-penn state harrisburg,Middletown,pa
214731,pennsylvania state university-penn state brandywine,Media,pa
214740,pennsylvania state university-penn state dubois,DuBois,pa
214759,pennsylvania state university-penn state fayette- eberly,Lemont Furnace,pa
214768,pennsylvania state university-penn state hazleton,Hazleton,pa
214777,pennsylvania state university-main campus,University Park,pa
214786,pennsylvania state university-penn state greater allegheny,McKeesport,pa
214795,pennsylvania state university-penn state mont alto,Mont Alto,pa
214801,pennsylvania state university-penn state abington,Abington,pa
214810,pennsylvania state university-penn state schuylkill,Schuylkill Haven,pa
214829,pennsylvania state university-penn state york,York,pa
214883,peirce college,Philadelphia,pa
215053,pennsylvania college of art and design,Lancaster,pa
215062,university of pennsylvania,Philadelphia,pa
215114,cairn university-langhorne,Langhorne,pa
215266,university of pittsburgh-bradford,Bradford,pa
215275,university of pittsburgh-greensburg,Greensburg,pa
215284,university of pittsburgh-johnstown,Johnstown,pa
215293,university of pittsburgh-pittsburgh campus,Pittsburgh,pa
215415,pittsburgh technical college,Oakdale,pa
215442,point park university,Pittsburgh,pa
215637,walnut hill college,Philadelphia,pa
215655,robert morris university,Moon Township,pa
215691,rosemont college,Rosemont,pa
215743,saint francis university,Loretto,pa
215770,saint joseph's university,Philadelphia,pa
215798,saint vincent college,Latrobe,pa
215929,university of scranton,Scranton,pa
215947,seton hill university,Greensburg,pa
216010,shippensburg university of pennsylvania,Shippensburg,pa
216038,slippery rock university of pennsylvania,Slippery Rock,pa
216047,saint charles borromeo seminary-overbrook,Wynnewood,pa
216278,susquehanna university,Selinsgrove,pa
216287,swarthmore college,Swarthmore,pa
216311,talmudical yeshiva of philadelphia,Philadelphia,pa
216339,temple university,Philadelphia,pa
216357,thiel college,Greenville,pa
216366,thomas jefferson university,Philadelphia,pa
216524,ursinus college,Collegeville,pa
216542,university of valley forge,Phoenixville,pa
216597,villanova university,Villanova,pa
216667,washington & jefferson college,Washington,pa
216694,waynesburg university,Waynesburg,pa
216807,westminster college,New Wilmington,pa
216852,widener university,Chester,pa
216931,wilkes university,Wilkes-Barre,pa
217013,wilson college,Chambersburg,pa
217040,yeshivath beth moshe,Scranton,pa
217059,york college of pennsylvania,York,pa
217165,bryant university,Smithfield,ri
217235,johnson & wales university-providence,Providence,ri
217305,new england institute of technology,East Greenwich,ri
217402,providence college,Providence,ri
217420,rhode island college,Providence,ri
217484,university of rhode island,Kingston,ri
217493,rhode island school of design,Providence,ri
217518,roger williams university,Bristol,ri
217536,salve regina university,Newport,ri
217606,northpoint bible college,Haverhill,ma
217624,allen university,Columbia,sc
217633,anderson university,Anderson,sc
217688,charleston southern university,Charleston,sc
217721,benedict college,Columbia,sc
217749,bob jones university,Greenville,sc
217776,southern wesleyan university,Central,sc
217819,college of charleston,Charleston,sc
217864,citadel military college of south carolina,Charleston,sc
217882,clemson university,Clemson,sc
217891,clinton college,Rock Hill,sc
217907,coker university,Hartsville,sc
217925,columbia international university,Columbia,sc
217934,columbia college,Columbia,sc
217961,converse university,Spartanburg,sc
217998,erskine college,Due West,sc
218061,francis marion university,Florence,sc
218070,furman university,Greenville,sc
218113,greenville technical college,Greenville,sc
218229,lander university,Greenwood,sc
218238,limestone university,Gaffney,sc
218399,morris college,Sumter,sc
218441,north greenville university,Tigerville,sc
218539,presbyterian college,Clinton,sc
218654,university of south carolina beaufort,Bluffton,sc
218663,university of south carolina-columbia,Columbia,sc
218724,coastal carolina university,Conway,sc
218733,south carolina state university,Orangeburg,sc
218742,university of south carolina-upstate,Spartanburg,sc
218821,spartanburg methodist college,Spartanburg,sc
218919,voorhees university,Denmark,sc
218964,winthrop university,Rock Hill,sc
218973,wofford college,Spartanburg,sc
219000,augustana university,Sioux Falls,sd
219046,black hills state university,Spearfish,sd
219082,dakota state university,Madison,sd
219091,dakota wesleyan university,Mitchell,sd
219198,mount marty university,Yankton,sd
219259,northern state university,Aberdeen,sd
219277,oglala lakota college,Kyle,sd
219347,south dakota school of mines and technology,Rapid City,sd
219356,south dakota state university,Brookings,sd
219374,sinte gleska university,Mission,sd
219383,university of sioux falls,Sioux Falls,sd
219408,sisseton wahpeton college,Sisseton,sd
219471,university of south dakota,Vermillion,sd
219505,american baptist college,Nashville,tn
219602,austin peay state university,Clarksville,tn
219709,belmont university,Nashville,tn
219718,bethel university,McKenzie,tn
219790,bryan college-dayton,Dayton,tn
219806,carson-newman university,Jefferson City,tn
219833,christian brothers university,Memphis,tn
219976,lipscomb university,Nashville,tn
220075,east tennessee state university,Johnson City,tn
220206,welch college,Gallatin,tn
220215,freed-hardeman university,Henderson,tn
220516,king university,Bristol,tn
220552,south college,Knoxville,tn
220598,lane college,Jackson,tn
220631,lincoln memorial university,Harrogate,tn
220710,maryville college,Maryville,tn
221351,rhodes college,Memphis,tn
221519,the university of the south,Sewanee,tn
221661,southern adventist university,Collegedale,tn
221731,tennessee wesleyan university,Athens,tn
221847,tennessee technological university,Cookeville,tn
221892,trevecca nazarene university,Nashville,tn
221953,tusculum university,Greeneville,tn
221999,vanderbilt university,Nashville,tn
222178,abilene christian university,Abilene,tx
222628,amberton university,Garland,tx
222831,angelo state university,San Angelo,tx
222877,arlington baptist university,Arlington,tx
222983,austin college,Sherman,tx
223117,baptist missionary association theological seminary,Jacksonville,tx
223232,baylor university,Waco,tx
223463,remington college-dallas campus,Dallas,tx
223506,brazosport college,Lake Jackson,tx
224004,concordia university texas,Austin,tx
224147,texas a & m university-corpus christi,Corpus Christi,tx
224226,dallas baptist university,Dallas,tx
224244,dallas christian college,Dallas,tx
224527,east texas baptist university,Marshall,tx
224545,texas a&m university-texarkana,Texarkana,tx
224554,texas a & m university-commerce,Commerce,tx
224615,dallas college,Dallas,tx
224961,galveston college,Galveston,tx
225070,grayson college,Denison,tx
225201,hallmark university,San Antonio,tx
225247,hardin-simmons university,Abilene,tx
225414,university of houston-clear lake,Houston,tx
225432,university of houston-downtown,Houston,tx
225502,university of houston-victoria,Victoria,tx
225511,university of houston,Houston,tx
225548,howard payne university,Brownwood,tx
225575,huston-tillotson university,Austin,tx
225627,university of the incarnate word,San Antonio,tx
225885,jarvis christian university,Hawkins,tx
226091,lamar university,Beaumont,tx
226134,laredo college,Laredo,tx
226152,texas a & m international university,Laredo,tx
226231,letourneau university,Longview,tx
226383,lubbock christian university,Lubbock,tx
226471,university of mary hardin-baylor,Belton,tx
226587,mcmurry university,Abilene,tx
226806,midland college,Midland,tx
226833,midwestern state university,Wichita Falls,tx
226879,wade college,Dallas,tx
227182,lone star college system,The Woodlands,tx
227216,university of north texas,Denton,tx
227304,odessa college,Odessa,tx
227331,our lady of the lake university,San Antonio,tx
227368,the university of texas rio grande valley,Edinburg,tx
227429,paul quinn college,Dallas,tx
227526,prairie view a & m university,Prairie View,tx
227757,rice university,Houston,tx
227845,saint edward's university,Austin,tx
227863,university of st thomas,Houston,tx
227881,sam houston state university,Huntsville,tx
228149,st. mary's university,San Antonio,tx
228246,southern methodist university,Dallas,tx
228325,southwestern assemblies of god university,Waxahachie,tx
228343,southwestern university,Georgetown,tx
228431,stephen f austin state university,Nacogdoches,tx
228459,texas state university,San Marcos,tx
228468,southwestern adventist university,Keene,tx
228486,southwestern christian college,Terrell,tx
228501,sul ross state university,Alpine,tx
228529,tarleton state university,Stephenville,tx
228705,texas a & m university-kingsville,Kingsville,tx
228723,texas a & m university-college station,College Station,tx
228769,the university of texas at arlington,Arlington,tx
228787,the university of texas at dallas,Richardson,tx
228796,the university of texas at el paso,El Paso,tx
228802,the university of texas at tyler,Tyler,tx
228875,texas christian university,Fort Worth,tx
228884,texas college,Tyler,tx
228981,texas lutheran university,Seguin,tx
229018,the university of texas permian basin,Odessa,tx
229027,the university of texas at san antonio,San Antonio,tx
229063,texas southern university,Houston,tx
229115,texas tech university,Lubbock,tx
229160,texas wesleyan university,Fort Worth,tx
229179,texas woman's university,Denton,tx
229267,trinity university,San Antonio,tx
229355,tyler junior college,Tyler,tx
229780,wayland baptist university,Plainview,tx
229799,weatherford college,Weatherford,tx
229814,west texas a & m university,Canyon,tx
229887,wiley college,Marshall,tx
230038,brigham young university,Provo,ut
230171,utah tech university,Saint George,ut
230366,eagle gate college-murray,Murray,ut
230418,ensign college,Salt Lake City,ut
230597,snow college,Ephraim,ut
230603,southern utah university,Cedar City,ut
230728,utah state university,Logan,ut
230737,utah valley university,Orem,ut
230764,university of utah,Salt Lake City,ut
230782,weber state university,Ogden,ut
230807,westminster college,Salt Lake City,ut
230816,bennington college,Bennington,vt
230834,castleton university,Castleton,vt
230852,champlain college,Burlington,vt
230913,northern vermont university,Johnson,vt
230959,middlebury college,Middlebury,vt
230995,norwich university,Northfield,vt
231059,saint michael's college,Colchester,vt
231095,sterling college,Craftsbury Common,vt
231165,vermont technical college,Randolph,vt
231174,university of vermont,Burlington,vt
231420,averett university,Danville,va
231554,bluefield university,Bluefield,va
231581,bridgewater college,Bridgewater,va
231624,william & mary,Williamsburg,va
231651,regent university,Virginia Beach,va
231712,christopher newport university,Newport News,va
231785,bryant & stratton college-virginia beach,Virginia Beach,va
232016,centura college-virginia beach,Virginia Beach,va
232025,emory & henry college,Emory,va
232043,eastern mennonite university,Harrisonburg,va
232089,ferrum college,Ferrum,va
232186,george mason university,Fairfax,va
232256,hampden-sydney college,Hampden-Sydney,va
232265,hampton university,Hampton,va
232308,hollins university,Roanoke,va
232423,james madison university,Harrisonburg,va
232557,liberty university,Lynchburg,va
232566,longwood university,Farmville,va
232609,university of lynchburg,Lynchburg,va
232672,mary baldwin university,Staunton,va
232681,university of mary washington,Fredericksburg,va
232706,marymount university,Arlington,va
232797,american national university,Salem,va
232982,old dominion university,Norfolk,va
233277,radford university,Radford,va
233295,randolph-macon college,Ashland,va
233301,randolph college,Lynchburg,va
233374,university of richmond,University of Richmond,va
233408,riverside college of health careers,Newport News,va
233426,roanoke college,Salem,va
233541,shenandoah university,Winchester,va
233611,southern virginia university,Buena Vista,va
233684,strayer university-virginia,Arlington,va
233718,sweet briar college,Sweet Briar,va
233897,university of virginia's college at wise,Wise,va
233921,virginia polytechnic institute and state university,Blacksburg,va
234030,virginia commonwealth university,Richmond,va
234076,university of virginia-main campus,Charlottesville,va
234085,virginia military institute,Lexington,va
234137,virginia university of lynchburg,Lynchburg,va
234155,virginia state university,Petersburg,va
234173,virginia wesleyan university,Virginia Beach,va
234207,washington and lee university,Lexington,va
234669,bellevue college,Bellevue,wa
234696,bellingham technical college,Bellingham,wa
234827,central washington university,Ellensburg,wa
234845,centralia college,Centralia,wa
234915,city university of seattle,Seattle,wa
234933,clark college,Vancouver,wa
234979,columbia basin college,Pasco,wa
235024,cornish college of the arts,Seattle,wa
235097,eastern washington university,Cheney,wa
235103,edmonds college,Lynnwood,wa
235167,the evergreen state college,Olympia,wa
235316,gonzaga university,Spokane,wa
235334,grays harbor college,Aberdeen,wa
235343,green river college,Auburn,wa
235422,heritage university,Toppenish,wa
235699,lake washington institute of technology,Kirkland,wa
235750,lower columbia college,Longview,wa
236072,north seattle college,Seattle,wa
236133,northwest university,Kirkland,wa
236188,olympic college,Bremerton,wa
236230,pacific lutheran university,Tacoma,wa
236258,peninsula college,Port Angeles,wa
236328,university of puget sound,Tacoma,wa
236382,renton technical college,Renton,wa
236452,saint martin's university,Lacey,wa
236504,south seattle college,Seattle,wa
236513,seattle central college,Seattle,wa
236577,seattle pacific university,Seattle,wa
236595,seattle university,Seattle,wa
236638,skagit valley college,Mount Vernon,wa
236887,walla walla community college,Walla Walla,wa
236896,walla walla university,College Place,wa
236939,washington state university,Pullman,wa
236948,university of washington-seattle campus,Seattle,wa
237011,western washington university,Bellingham,wa
237057,whitman college,Walla Walla,wa
237066,whitworth university,Spokane,wa
237109,yakima valley college,Yakima,wa
237136,appalachian bible college,Mount Hope,wv
237181,bethany college,Bethany,wv
237215,bluefield state university,Bluefield,wv
237312,university of charleston,Charleston,wv
237330,concord university,Athens,wv
237358,davis & elkins college,Elkins,wv
237367,fairmont state university,Fairmont,wv
237385,glenville state university,Glenville,wv
237525,marshall university,Huntington,wv
237686,west virginia university at parkersburg,Parkersburg,wv
237701,potomac state college of west virginia university,Keyser,wv
237783,salem university,Salem,wv
237792,shepherd university,Shepherdstown,wv
237899,west virginia state university,Institute,wv
237932,west liberty university,West Liberty,wv
237950,west virginia university institute of technology,Beckley,wv
237969,west virginia wesleyan college,Buckhannon,wv
238032,west virginia university,Morgantown,wv
238078,wheeling university,Wheeling,wv
238193,alverno college,Milwaukee,wi
238324,bellin college,Green Bay,wi
238333,beloit college,Beloit,wi
238458,carroll university,Waukesha,wi
238476,carthage college,Kenosha,wi
238616,concordia university-wisconsin,Mequon,wi
238661,edgewood college,Madison,wi
238980,lakeland university,Plymouth,wi
239017,lawrence university,Appleton,wi
239080,marian university,Fond Du Lac,wi
239105,marquette university,Milwaukee,wi
239309,milwaukee institute of art & design,Milwaukee,wi
239318,milwaukee school of engineering,Milwaukee,wi
239390,mount mary university,Milwaukee,wi
239512,northland college,Ashland,wi
239628,ripon college,Ripon,wi
239716,saint norbert college,De Pere,wi
240107,viterbo university,La Crosse,wi
240189,university of wisconsin-whitewater,Whitewater,wi
240268,university of wisconsin-eau claire,Eau Claire,wi
240277,university of wisconsin-green bay,Green Bay,wi
240329,university of wisconsin-la crosse,La Crosse,wi
240338,wisconsin lutheran college,Milwaukee,wi
240365,university of wisconsin-oshkosh,Oshkosh,wi
240374,university of wisconsin-parkside,Kenosha,wi
240392,herzing university-madison,Madison,wi
240417,university of wisconsin-stout,Menomonie,wi
240426,university of wisconsin-superior,Superior,wi
240453,university of wisconsin-milwaukee,Milwaukee,wi
240471,university of wisconsin-river falls,River Falls,wi
240480,university of wisconsin-stevens point,Stevens Point,wi
240514,central wyoming college,Riverton,wy
240620,laramie county community college,Cheyenne,wy
240657,northwest college,Powell,wy
240693,western wyoming community college,Rock Springs,wy
240727,university of wyoming,Laramie,wy
240736,american samoa community college,Pago Pago,as
240745,guam community college,Mangilao,gu
240754,university of guam,Mangilao,gu
240790,northern marianas college,Saipan,mp
241191,universidad adventista de las antillas,Mayaguez,pr
241216,atlantic university college,Guaynabo,pr
241225,universidad central de bayamon,Bayamn,pr
241377,caribbean university-bayamon,Bayamon,pr
241386,caribbean university-carolina,Carolina,pr
241517,cem college-san juan,San Juan,pr
241739,universidad ana g. mendez-cupey campus,San Juan,pr
242112,huertas college,Caguas,pr
242617,inter american university of puerto rico-san german,San German,pr
242626,inter american university of puerto rico-aguadilla,Aguadilla,pr
242635,inter american university of puerto rico-arecibo,Arecibo,pr
242644,inter american university of puerto rico-barranquitas,Barranquitas,pr
242653,inter american university of puerto rico-metro,San Juan,pr
242662,inter american university of puerto rico-ponce,Mercedita,pr
242680,inter american university of puerto rico-fajardo,Fajardo,pr
242699,inter american university of puerto rico-guayama,Guayama,pr
242705,inter american university of puerto rico-bayamon,Bayamon,pr
242972,nuc university,Bayamon,pr
243106,university of puerto rico-aguadilla,Aguadilla,pr
243115,university of puerto rico-arecibo,Arecibo,pr
243133,university of puerto rico-bayamon,Bayamon,pr
243142,university of puerto rico-carolina,Carolina,pr
243151,university of puerto rico-cayey,Cayey,pr
243179,university of puerto rico-humacao,Humacao,pr
243188,university of puerto rico-utuado,Utuado,pr
243197,university of puerto rico-mayaguez,Mayaguez,pr
243221,university of puerto rico-rio piedras,San Juan,pr
243443,universidad del sagrado corazon,Santurce,pr
243601,universidad ana g. mendez-gurabo campus,Gurabo,pr
243638,college of micronesia-fsm,Pohnpei,fm
243744,stanford university,Stanford,ca
243823,parker university,Dallas,tx
245652,st. john's college,Santa Fe,nm
245953,mid-america christian university,Oklahoma City,ok
247065,beckfield college-florence,Florence,ky
247649,landmark college,Putney,vt
247834,collin county community college district,McKinney,tx
248934,ecpi university,Virginia Beach,va
251312,south university-columbia,Columbia,sc
260372,lac courte oreilles ojibwe university,Hayward,wi
260789,platt college-los angeles,Alhambra,ca
260813,platt college-aurora,Greenwood Village,co
262086,university of massachusetts global,Irvine,ca
363712,yeshivah gedolah rabbinical college,Miami Beach,fl
363907,caribbean university-ponce,Ponce,pr
363916,caribbean university-vega baja,Vega Baja,pr
363934,university of advancing technology,Tempe,az
366003,south florida bible college and theological seminary,Deerfield Beach,fl
366252,pennsylvania college of technology,Williamsport,pa
366340,stone child college,Box Elder,mt
366535,remington college-mobile campus,Mobile,al
366553,southern technical college,Fort Myers,fl
446552,southern technical college,Orlando,fl
366711,california state university-san marcos,San Marcos,ca
368452,nossi college of art,Nashville,tn
369516,bryan university,Springfield,mo
372073,fremont university,Cerritos,ca
375230,yeshiva gedolah imrei yosef d'spinka,Brooklyn,ny
376224,cem college-humacao,Humacao,pr
376385,universal technology college of puerto rico,Aguadilla,pr
376695,college of the marshall islands,Majuro,mh
377546,northwest college of art & design,Tacoma,wa
377555,university of washington-bothell campus,Bothell,wa
377564,university of washington-tacoma campus,Tacoma,wa
377661,valley college-martinsburg,Martinsburg,wv
378576,pacific college of health and science,San Diego,ca
380359,bay mills community college,Brimley,mi
380377,northwest indian college,Bellingham,wa
380438,provo college,Provo,ut
384254,beacon college,Leesburg,fl
384412,university of the potomac-washington dc campus,Washington,dc
384421,rabbi jacob joseph school,Edison,nj
385619,everglades university,Boca Raton,fl
386472,herzing university-orlando,Winter Park,fl
388520,college of biblical studies-houston,Houston,tx
399869,southern california institute of technology,Anaheim,ca
399911,soka university of america,Aliso Viejo,ca
401223,world mission university,Los Angeles,ca
404055,brookline college-tempe,Tempe,az
404338,schiller international university,Tampa,fl
405854,rabbinical college of ohr shimon yisroel,Brooklyn,ny
406024,galen college of nursing-tampa bay,Saint Petersburg,fl
406033,galen college of nursing-san antonio,San Antonio,tx
406547,city college-gainesville,Gainesville,fl
407610,pacific bible college,Medford,or
408844,florida national university-main campus,Hialeah,fl
409315,south texas college,McAllen,tx
409698,california state university-monterey bay,Seaside,ca
412599,remington college-memphis campus,Memphis,tn
413413,capella university,Minneapolis,mn
413617,college of menominee nation,Keshena,wi
414595,pacific college of health and science,New York,ny
414878,trine university-regional/non-traditional campuses,Angola,in
417752,messenger college,Bedford,tx
418126,new york college of health professions,Syosset,ny
420024,centura college-chesapeake,Chesapeake,va
420042,university of phoenix-hawaii,Kapolei,hi
420325,yeshiva d'monsey rabbinical college,Monsey,ny
421878,eastern international college-jersey city,Jersey City,nj
422695,pacific college,Costa Mesa,ca
426314,embry-riddle aeronautical university-worldwide,Daytona Beach,fl
428170,southeastern college-west palm beach,West Palm Beach,fl
430184,strayer university-maryland,Suitland,md
432384,platt college-ontario,Ontario,ca
433174,carolinas college of health sciences,Charlotte,nc
433387,western governors university,Salt Lake City,ut
433420,california aeronautical university,Bakersfield,ca
433536,herzing university-new orleans,Metairie,la
434539,city college-miami,Miami,fl
434584,ilisagvik college,Barrow,ak
434900,dewey university-carolina,Carolina,pr
436429,los angeles film school,Hollywood,ca
436614,international baptist college and seminary,Chandler,az
436818,university of connecticut-waterbury campus,Waterbury,ct
436827,university of connecticut-avery point,Groton,ct
436836,university of connecticut-stamford,Stamford,ct
437097,university of management and technology,Arlington,va
438179,brookline college-tucson,Tucson,az
438586,american intercontinental university-atlanta,Atlanta,ga
439190,cascadia college,Bothell,wa
439701,the king's university,Southlake,tx
439862,pacific islands university,Mangilao,gu
439871,pci college,Cerritos,ca
440651,atenas college,Manati,pr
440749,national american university-ellsworth,Box Elder,sd
440794,pillar college,Newark,nj
440828,oregon state university-cascades campus,Bend,or
441229,smith chason college,Los Angeles,ca
441609,yeshiva shaarei torah of rockland,Suffern,ny
441900,nevada state college,Henderson,nv
441937,california state university-channel islands,Camarillo,ca
441982,franklin w olin college of engineering,Needham,ma
442639,university of the potomac-va campus,FALLS CHURCH,va
442842,pacific college of health and science,Chicago,il
443049,faith international university,Tacoma,wa
443331,west coast university-los angeles,North Hollywood,ca
443410,digipen institute of technology,Redmond,wa
443562,dewey university-hato rey,Hato Rey,pr
443766,strayer university-tennessee,Memphis,tn
443784,strayer university-pennsylvania,Trevose,pa
444088,brookline college-albuquerque,Albuquerque,nm
444325,ati college-whittier,Whitter,ca
444398,baptist university of the americas,San Antonio,tx
444413,beis medrash heichal dovid,Far Rockaway,ny
444778,charlotte christian college and theological seminary,Charlotte,nc
444787,nightingale college,Salt Lake City,ut
445133,american intercontinental university-houston,Houston,tx
445188,university of california-merced,Merced,ca
445203,remington college-north houston campus,Houston,tx
445267,central methodist university-college of graduate and extended studies,Fayette,mo
445692,neumont college of computer science,Salt Lake City,ut
445708,johnson & wales university-charlotte,Charlotte,nc
446385,los angeles college of music,Pasadena,ca
446525,sae institute of technology-nashville,Nashville,tn
446561,stanbridge university,Irvine,ca
446604,uta mesivta of kiryas joel,Monroe,ny
446640,harrisburg university of science and technology,Harrisburg,pa
447014,daytona college,Ormond Beach,fl
447263,joyce university of nursing and health sciences,Draper,ut
447421,eagle gate college-layton,Layton,ut
447689,georgia gwinnett college,Lawrenceville,ga
447847,aviator college of aeronautical science and technology,Fort Pierce,fl
447953,sum bible college and theological seminary,El Dorado Hills,ca
448673,rasmussen university-illinois,Rockford,il
449038,strayer university-florida,Tampa,fl
449348,huntsville bible college,Huntsville,al
449384,gnomon,Hollywood,ca
449870,university of the west,Rosemead,ca
449898,south university-tampa,Tampa,fl
450298,strayer university-delaware,Wilmington,de
450377,strayer university-alabama,Birmingham,al
450571,rasmussen university-wisconsin,Green Bay,wi
450933,columbia southern university,Orange Beach,al
451103,miami regional university,Miami Springs,fl
451398,yeshiva toras chaim,Lakewood,nj
451404,talmudical seminary of bobov,Brooklyn,ny
451556,southwest university at el paso,El Paso,tx
451741,cem college-bayamon,Bayamn,pr
451750,bryant & stratton college-wauwatosa,Wauwatosa,wi
451866,remington college-shreveport campus,Shreveport,la
452948,galen college of nursing-cincinnati,Cincinnati,oh
453163,strayer university-north carolina,Greensboro,nc
453215,strayer university-new jersey,Piscataway,nj
454227,chamberlain university-illinois,Addison,il
454236,chamberlain university-ohio,Columbus,oh
454245,chamberlain university-arizona,Phoenix,az
454786,laurus college,San Luis Obispo,ca
454829,aspen university,Phoenix,az
456621,strayer university-west virginia,Scott Depot,wv
456959,university of minnesota-rochester,Rochester,mn
457129,chamberlain university-florida,Jacksonville,fl
457226,horizon university,Indianapolis,in
457299,angeles college,Los Angeles,ca
457402,university of fort lauderdale,Lauderhill,fl
457484,pacific rim christian university,Honolulu,hi
458113,ascent college,Hampton,va
458210,west coast university-orange county,Anaheim,ca
458229,west coast university-ontario,Ontario,ca
458885,strayer university-arkansas,Little Rock,ar
458919,strayer university-georgia,Chamblee,ga
458955,strayer university-mississippi,Jackson,ms
458964,strayer university-south carolina,Greenville,sc
458973,strayer university-texas,Farmers Branch,tx
459204,unitek college,Fremont,ca
476799,unitek college,South San Francisco,ca
479424,unitek college,Hayward,ca
45920401,unitek college,Fremont,ca
459213,gurnick academy of medical arts,San Mateo,ca
459259,south university-richmond,Glen Allen,va
459268,south university-virginia beach,Virginia Beach,va
459727,touro university worldwide,Los Alamitos,ca
459842,herzing university-kenosha,Kenosha,wi
459851,herzing university-brookfield,Brookfield,wi
459949,texas a&m university-san antonio,San Antonio,tx
460376,fairfax university of america,Fairfax,va
460871,chamberlain university-virginia,Vienna,va
461148,new york film academy,Burbank,ca
461263,american medical sciences center,Glendale,ca
461281,jose maria vargas university,Pembroke Pines,fl
461528,manna university,Fayetteville,nc
461759,simmons college of kentucky,Louisville,ky
461795,north american university,Stafford,tx
461883,millennia atlantic university,Doral,fl
462354,john paul the great catholic university,Escondido,ca
463056,university of connecticut-hartford campus,Hartford,ct
464226,ottawa university-surprise,Surprise,az
466921,chamberlain university-missouri,St. Louis,mo
466930,chamberlain university-texas,Houston,tx
469416,dewey university-manati,Manati,pr
475608,criswell college,Dallas,tx
475635,beverly hills design institute,Beverly Hills,ca
475714,american medical academy,Miami,fl
475732,chamberlain university-georgia,Sandy Springs,ga
475741,chamberlain university-indiana,Indianapolis,in
477039,west coast university-dallas,Richardson,tx
480073,south university-austin,Round Rock,tx
480204,platt college-riverside,Riverside,ca
480657,rasmussen university-kansas,Topeka,ks
480781,california miramar university,San Diego,ca
481058,grace mission university,Fullerton,ca
481401,grace school of theology,Conroe,tx
481720,south university-high point,High Point,nc
482149,augusta university,Augusta,ga
482158,middle georgia state university,Macon,ga
482413,devry college of new york,New York,ny
482422,devry university-arizona,Phoenix,az
482431,devry university-california,Ontario,ca
482459,devry university-florida,Miramar,fl
482468,devry university-georgia,Decatur,ga
482477,devry university-illinois,Naperville,il
482547,devry university-nevada,Henderson,nv
482556,devry university-new jersey,Iselin,nj
482574,devry university-ohio,Columbus,oh
482635,devry university-texas,Irving,tx
482653,devry university-virginia,Arlington,va
482680,university of north georgia,Dahlonega,ga
482699,south georgia state college,Douglas,ga
483018,antioch college,Yellow Springs,oh
483221,learnet academy inc,Los Angeles,ca
483595,ana g. mendez university,Orlando,fl
484613,university of phoenix-arizona,Phoenix,az
484631,university of phoenix-california,Ontario,ca
484710,university of phoenix-nevada,Las Vegas,nv
484756,university of phoenix-texas,Houston,tx
484844,minerva university,San Francisco,ca
484905,university of north texas at dallas,Dallas,tx
485111,georgia military college,Milledgeville,ga
485272,west coast university-miami,Doral,fl
485768,atlantis university,Miami,fl
486239,san ignacio university,Doral,fl
486257,valor christian college,Canal Winchester,oh
486284,bethany global university,Bloomington,mn
486354,united international college,Miramar,fl
486488,california jazz conservatory,Berkeley,ca
486840,kennesaw state university,Kennesaw,ga
486901,milligan university,Milligan,tn
486938,chamberlain university-nevada,Las Vegas,nv
486947,chamberlain university-michigan,Troy,mi
486956,chamberlain university-new jersey,North Brunswick,nj
487524,husson university,Bangor,me
487603,northwest university-center for online and extended education,Kirkland,wa
487861,felbry college,Columbus,oh
488031,abraham lincoln university,Glendale,ca
488305,elim bible institute and college,Lima,ny
488448,seattle film institute,Seattle,wa
488679,indiana wesleyan university-national & global,Marion,in
488776,john patrick university of health and applied sciences,South Bend,in
489344,chamberlain university-north carolina,Charlotte,nc
489353,chamberlain university-california,Rancho Cordova,ca
489779,purdue university global,West Lafayette,in
489937,carolina university,Winston-Salem,nc
490081,america evangelical university,Gardena,ca
490133,westcliff university,Irvine,ca
490285,california institute of arts & technology,San Diego,ca
490319,yeshiva bais aharon,Lakewood,nj
490805,purdue university northwest,Hammond,in
491525,union bible college,Westfield,in
492759,chamberlain university-louisiana,Jefferson,la
492801,drury university-college of continuing professional studies,Springfield,mo
492962,indiana institute of technology-college of professional studies,Fort Wayne,in
493512,san diego global knowledge university,San Diego,ca
494603,the southwestern baptist theological seminary,Fort Worth,tx
495059,oak valley college,Rialto,ca
495280,indian bible college,Flagstaff,az
496326,eagle gate college-boise campus,Boise,id
496399,agape college of business and science,Fresno,ca
496627,california northstate university,Elk Grove,ca
496636,antigua college international,Miami Lakes,fl
496803,newu university,Washington,dc
496973,herzing university-tampa,Tampa,fl
497213,great northern university,Spokane,wa
497480,reach university,Oakland,ca
497790,atlantis university-florida palms university,Miami,fl
498571,pennsylvania western university,California,pa
24366501,university of the virgin islands-albert a. sheen,St. Croix,vi
