inst,state,ID
Aaniiih Nakoda College,MT,180203
Abilene Christian University,TX,222178
Abraham Lincoln University,CA,488031
Academy College,MN,172866
Academy of Art University,CA,108232
Adams State University,CO,126182
AdventHealth University,FL,133872
Agape College of Business and Science,CA,496399
Agnes Scott College,GA,138600
Alabama State University,AL,100724
Alaska Pacific University,AK,102669
Albany College of Pharmacy and Health Sciences,NY,188526
Albertus Magnus College,CT,128498
Albion College,MI,168546
Albright College,PA,210571
Alice Lloyd College,KY,156189
Allegheny College,PA,210605
Allen University,SC,217624
Alma College,MI,168591
Alpena Community College,MI,168607
Alverno College,WI,238193
Amberton University,TX,222628
America Evangelical University,CA,490081
American Baptist College,TN,219505
American InterContinental University-Atlanta,GA,438586
American International College,MA,164447
American Islamic College,IL,142957
American Medical Academy,FL,475714
American Medical Sciences Center,CA,461263
American Musical and Dramatic Academy,NY,188854
American National University,VA,232797
American Samoa Community College,AS,240736
American University,DC,131159
Amherst College,MA,164465
Ana G. Mendez University,FL,483595
Anderson University,IN,150066
Anderson University,SC,217633
Andrew College,GA,138761
Andrews University,MI,168740
Angelo State University,TX,222831
Anna Maria College,MA,164492
Antelope Valley Community College District,CA,109350
Antigua College International,FL,496636
Antioch College,OH,483018
Appalachian Bible College,WV,237136
Aquinas College,MI,168786
Arapahoe Community College,CO,126289
Arcadia University,PA,211088
Arizona Christian University,AZ,105899
Arizona State University Campus Immersion,AZ,104151
Arkansas Baptist College,AR,106306
Arkansas Tech University,AR,106467
Arlington Baptist University,TX,222877
Art Academy of Cincinnati,OH,201061
Art Center College of Design,CA,109651
Asbury University,KY,156213
Ascent College,VA,458113
Ashland University,OH,201104
Aspen University,AZ,454829
Assumption University,MA,164562
Atenas College,PR,440651
ATI College-Whittier,CA,444325
Atlantic University College,PR,241216
Auburn University,AL,100830
Augsburg University,MN,173045
Augustana College,IL,143084
Augustana University,SD,219000
Aultman College of Nursing and Health Sciences,OH,201177
Aurora University,IL,143118
Austin College,TX,222983
Austin Peay State University,TN,219602
Averett University,VA,231420
Aviator College of Aeronautical Science and Technology,FL,447847
Avila University,MO,176628
Azusa Pacific University,CA,474863
Babson College,MA,164580
Baker College,MI,168847
Baker University,KS,154688
Bakersfield College,CA,497338
Baldwin Wallace University,OH,201195
Ball State University,IN,150136
Baptist Bible College,MO,176664
Baptist Missionary Association Theological Seminary,TX,223117
Baptist University of the Americas,TX,444398
Barclay College,KS,155070
Bard College,NY,18908812
Bard College at Simon's Rock,MA,167792
Barry University,FL,132471
Barton College,NC,197911
Bates College,ME,160977
Bay Mills Community College,MI,380359
Bay Path University,MA,164632
Bay State College,MA,164641
Beacon College,FL,384254
Beal University,ME,160995
Beckfield College-Florence,KY,247065
Beis Medrash Heichal Dovid,NY,444413
Belhaven University,MS,175421
Bellarmine University,KY,156286
Bellevue College,WA,234669
Bellevue University,NE,180814
Bellin College,WI,238324
Bellingham Technical College,WA,234696
Belmont Abbey College,NC,197984
Belmont University,TN,219709
Beloit College,WI,238333
Bemidji State University,MN,173124
Benedict College,SC,217721
Benedictine College,KS,154712
Benedictine University,IL,145619
Benjamin Franklin Cummings Institute of Technology,MA,165884
Bennett College,NC,197993
Bennington College,VT,230816
Berea College,KY,156295
Berkeley College-New York,NY,189228
Berkeley College-Woodland Park,NJ,183789
Berklee College of Music,MA,164748
Berry College,GA,139144
Beth Medrash Govoha,NJ,183804
Bethany College,WV,237181
Bethany College,KS,154721
Bethany Global University,MN,486284
Bethany Lutheran College,MN,173142
Bethel College-North Newton,KS,154749
Bethel University,MN,173160
Bethel University,TN,219718
Bethel University,IN,150145
Bethesda University,CA,110060
Bethune-Cookman University,FL,132602
Beulah Heights University,GA,139153
Beverly Hills Design Institute,CA,475635
Binghamton University,NY,196079
Biola University,CA,110097
Bismarck State College,ND,200022
Black Hills State University,SD,219046
Blackburn College,IL,143288
Bloomfield College,NJ,183822
Bluefield State University,WV,237215
Bluefield University,VA,231554
Bluffton University,OH,201371
Bob Jones University,SC,217749
Boise State University,ID,142115
Boricua College,NY,189413
Bowdoin College,ME,161004
Bowie State University,MD,162007
Bowling Green State University-Firelands,OH,201432
Bradley University,IL,143358
Brandeis University,MA,165015
Brazosport College,TX,223506
Brenau University,GA,139199
Brescia University,KY,156356
Brevard College,NC,198066
Bridgewater College,VA,231581
Bridgewater State University,MA,165024
Brookline College-Albuquerque,NM,444088
Brookline College-Phoenix,AZ,104090
Brookline College-Tempe,AZ,404055
Brookline College-Tucson,AZ,438179
Broward College,FL,132709
Bryan College of Health Sciences,NE,180878
Bryan College-Dayton,TN,219790
Bryan University,AZ,110219
Bryan University,MO,369516
Bryant & Stratton College-Albany,NY,188517
Bryant & Stratton College-Buffalo,NY,189583
Bryant & Stratton College-Greece,NY,189592
Bryant & Stratton College-Parma,OH,201469
Bryant & Stratton College-Syracuse North,NY,189565
Bryant & Stratton College-Virginia Beach,VA,231785
Bryant & Stratton College-Wauwatosa,WI,451750
Bryant University,RI,217165
Bryn Athyn College of the New Church,PA,210492
Bryn Mawr College,PA,211273
Buena Vista University,IA,153001
Bushnell University,OR,209409
Butler University,IN,150163
Cairn University-Langhorne,PA,215114
Caldwell University,NJ,183910
California Aeronautical University,CA,433420
California Baptist University,CA,110361
California College of the Arts,CA,110370
California Institute of Arts & Technology,CA,490285
California Institute of the Arts,CA,111081
California Jazz Conservatory,CA,486488
California Lutheran University,CA,110413
California Miramar University,CA,480781
California Northstate University,CA,496627
California Polytechnic State University-San Luis Obispo,CA,110422
California State Polytechnic University-Humboldt,CA,115755
California State Polytechnic University-Pomona,CA,110529
California State University Maritime Academy,CA,111188
California State University-Bakersfield,CA,110486
California State University-Channel Islands,CA,441937
California State University-Chico,CA,110538
California State University-Dominguez Hills,CA,110547
California State University-East Bay,CA,110574
California State University-Fresno,CA,110556
California State University-Fullerton,CA,110565
California State University-Long Beach,CA,110583
California State University-Monterey Bay,CA,409698
California State University-Northridge,CA,110608
California State University-Sacramento,CA,110617
California State University-San Bernardino,CA,110510
California State University-San Marcos,CA,366711
California State University-Stanislaus,CA,110495
Calumet College of Saint Joseph,IN,150172
Calvin University,MI,169080
Cameron University,OK,206914
Canisius College,NY,189705
Capella University,MN,413413
Capital University,OH,201548
Capitol Technology University,MD,162061
Caribbean University-Bayamon,PR,241377
Caribbean University-Carolina,PR,241386
Caribbean University-Ponce,PR,363907
Caribbean University-Vega Baja,PR,363916
Carlow University,PA,211431
Carolina Christian College,NC,199971
Carolinas College of Health Sciences,NC,433174
Carroll College,MT,180106
Carroll University,WI,238458
Carson-Newman University,TN,219806
Carthage College,WI,238476
Cascadia College,WA,439190
Case Western Reserve University,OH,201645
Castleton University,VT,230834
Catawba College,NC,198215
Cedarville University,OH,201654
CEM College-Bayamon,PR,451741
CEM College-Humacao,PR,376224
CEM College-San Juan,PR,241517
Centenary College of Louisiana,LA,158477
Centenary University,NJ,183974
Central College,IA,153108
Central Methodist University-College of Graduate and Extended Studies,MO,445267
Central Methodist University-College of Liberal Arts and Sciences,MO,176947
Central Michigan University,MI,169248
Central Ohio Technical College,OH,201672
Central Penn College,PA,211477
Central State University,OH,201690
Central Washington University,WA,234827
Central Wyoming College,WY,240514
Central Yeshiva Tomchei Tmimim Lubavitz,NY,189857
Centralia College,WA,234845
Centre College,KY,156408
Centura College-Chesapeake,VA,420024
Centura College-Virginia Beach,VA,232016
Century College,MN,175315
Chadron State College,NE,180948
Chamberlain University-Arizona,AZ,454245
Chamberlain University-California,CA,489353
Chamberlain University-Florida,FL,457129
Chamberlain University-Georgia,GA,475732
Chamberlain University-Indiana,IN,475741
Chamberlain University-Louisiana,LA,492759
Chamberlain University-Michigan,MI,486947
Chamberlain University-Missouri,MO,466921
Chamberlain University-Nevada,NV,486938
Chamberlain University-New Jersey,NJ,486956
Chamberlain University-North Carolina,NC,489344
Chamberlain University-Ohio,OH,454236
Chamberlain University-Texas,TX,466930
Chamberlain University-Virginia,VA,460871
Chaminade University of Honolulu,HI,141486
Champlain College,VT,230852
Chapman University,CA,111948
Charles R Drew University of Medicine and Science,CA,111966
Charleston Southern University,SC,217688
Charlotte Christian College and Theological Seminary,NC,444778
Charter College,WA,102845
Charter Oak State College,CT,128780
Chatham University,PA,211556
Chestnut Hill College,PA,211583
Cheyney University of Pennsylvania,PA,211608
Chicago State University,IL,144005
Chipola College,FL,133021
Chowan University,NC,198303
Christian Brothers University,TN,219833
Christopher Newport University,VA,231712
Cincinnati State Technical and Community College,OH,201928
Citadel Military College of South Carolina,SC,217864
City College-Gainesville,FL,406547
City College-Miami,FL,434539
City University of Seattle,WA,234915
Clark College,WA,234933
Clark State College,OH,201973
Clark University,MA,165334
Clarke University,IA,153126
Clarkson College,NE,180832
Clarkson University,NY,190044
Clear Creek Baptist Bible College,KY,156417
Cleary University,MI,169327
Clemson University,SC,217882
Cleveland Institute of Art,OH,202046
Cleveland Institute of Music,OH,202073
Cleveland University-Kansas City,KS,177038
Clinton College,SC,217891
Coastal Carolina University,SC,218724
Coe College,IA,153144
Coker University,SC,217907
Colby College,ME,161086
Colby-Sawyer College,NH,182634
College for Creative Studies,MI,169442
College of Central Florida,FL,132851
College of Menominee Nation,WI,413617
College of Micronesia-FSM,FM,243638
College of Mount Saint Vincent,NY,193399
College of Our Lady of the Elms,MA,167394
College of Saint Benedict,MN,174747
College of Southern Idaho,ID,142559
College of Southern Nevada,NV,445735
College of the Atlantic,ME,160959
College of the Marshall Islands,MH,376695
Collin County Community College District,TX,247834
Colorado Mesa University,CO,127556
Colorado Mountain College,CO,126711
Colorado School of Mines,CO,126775
Colorado State University Pueblo,CO,128106
Colorado State University-Fort Collins,CO,126818
Columbia Basin College,WA,234979
Columbia Central University,PR,241304
Columbia College,SC,460020
Columbia College,MO,177065
Columbia College Chicago,IL,144281
Columbia College Hollywood,CA,112570
Columbia International University,SC,217925
Columbia Southern University,AL,450933
Columbia University in the City of New York,NY,190150
Columbus College of Art and Design,OH,202170
Community College of Denver,CO,126942
Concord University,WV,237330
Concordia College at Moorhead,MN,173300
Concordia University Ann Arbor,MI,169363
Concordia University Texas,TX,224004
Concordia University-Chicago,IL,144351
Concordia University-Irvine,CA,112075
Concordia University-Nebraska,NE,180984
Concordia University-Saint Paul,MN,173328
Concordia University-Wisconsin,WI,238616
Connecticut College,CT,130040
Conservatory of Music of Puerto Rico,PR,241766
Converse University,SC,217961
Coppin State University,MD,162283
Corban University,OR,210331
Cornell College,IA,153162
Cornish College of the Arts,WA,235024
Cottey College,MO,177117
Creighton University,NE,181002
Criswell College,TX,475608
Crowley's Ridge College,AR,106810
Crown College,MN,174862
Culinary Institute of America,NY,190503
Culver-Stockton College,MO,177144
Curry College,MA,165529
Curtis Institute of Music,PA,211893
Cypress College,CA,113236
D'Youville  University,NY,190716
Daemen University,NY,190725
Dakota State University,SD,219082
Dakota Wesleyan University,SD,219091
Dallas Baptist University,TX,224226
Dallas Christian College,TX,224244
Davenport University,MI,169479
Davidson College,NC,198376
Davis & Elkins College,WV,237358
Davis College,NY,194569
Dean College,MA,165574
Defiance College,OH,202514
Delaware Valley University,PA,211981
Delta State University,MS,175616
Denison University,OH,202523
DePaul University,IL,144740
DePauw University,IN,150400
DeSales University,PA,210739
Design Institute of San Diego,CA,113582
DeVry College of New York,NY,482413
DeVry University-California,CA,482431
DeVry University-Georgia,GA,482468
DeVry University-Illinois,IL,482477
DeVry University-Nevada,NV,482547
DeVry University-New Jersey,NJ,482556
DeVry University-Ohio,OH,482574
DeVry University-Texas,TX,482635
DeVry University-Virginia,VA,482653
Dewey University-Carolina,PR,434900
Dewey University-Hato Rey,PR,443562
Dewey University-Juana Díaz,PR,449135
Dewey University-Manati,PR,469416
Dickinson College,PA,212009
Dickinson State University,ND,200059
DigiPen Institute of Technology,WA,443410
Dillard University,LA,158802
Dine College,AZ,105297
Doane University,NE,181020
Dominican University,IL,148496
Dominican University New York,NY,190761
Dominican University of California,CA,113698
Donnelly College,KS,155007
Dordt University,IA,153250
Drake University,IA,153269
Drew University,NJ,184348
Drury University,MO,177214
Drury University-College of Continuing Professional Studies,MO,492801
Dunwoody College of Technology,MN,175227
Duquesne University,PA,212106
Eagle Gate College-Boise Campus,ID,496326
Eagle Gate College-Layton,UT,447421
Eagle Gate College-Murray,UT,230366
Earlham College,IN,150455
East Central University,OK,207041
East Stroudsburg University of Pennsylvania,PA,212115
East Tennessee State University,TN,220075
East Texas Baptist University,TX,224527
East-West University,IL,144883
Eastern Connecticut State University,CT,129215
Eastern Florida State College,FL,132693
Eastern Illinois University,IL,144892
Eastern International College-Jersey City,NJ,421878
Eastern Mennonite University,VA,232043
Eastern Oregon University,OR,208646
Eastern University,PA,212133
Eastern Washington University,WA,235097
Eastwick College-Ramsey,NJ,184959
Eckerd College,FL,133492
ECPI University,VA,248934
Edgewood College,WI,238661
Edmonds College,WA,235103
Elim Bible Institute and College,NY,488305
Elizabethtown College,PA,212197
Elmhurst University,IL,144962
Elmira College,NY,190983
Elon University,NC,198516
Embry-Riddle Aeronautical University-Daytona Beach,FL,133553
Embry-Riddle Aeronautical University-Prescott,AZ,104586
Embry-Riddle Aeronautical University-Worldwide,FL,426314
Emerson College,MA,165662
Emmanuel College,MA,165671
Emory & Henry College,VA,232025
Empire State University,NY,196264
Emporia State University,KS,155025
Endicott College,MA,165699
Ensign College,UT,230418
Erskine College,SC,217998
Escuela de Artes Plasticas de Puerto Rico,PR,241951
Eureka College,IL,144971
Evangel University,MO,177339
Everglades University,FL,385619
Excelsior University,NY,196680
Fairfax University of America,VA,460376
Fairfield University,CT,129242
Fairleigh Dickinson University-Florham Campus,NJ,184694
Fairleigh Dickinson University-Metropolitan Campus,NJ,184603
Fairmont State University,WV,237367
Faith International University,WA,443049
Farmingdale State College,NY,196042
Fashion Institute of Technology,NY,191126
Feather River Community College District,CA,114433
Felbry College,OH,487861
Felician University,NJ,184612
Ferris State University,MI,169910
Ferrum College,VA,232089
FIDM-Fashion Institute of Design & Merchandising,CA,114354
Fisher College,MA,165802
Fitchburg State University,MA,165820
Five Towns College,NY,191205
Flagler College,FL,133711
Florida Gateway College,FL,135160
Florida Memorial University,FL,133979
Florida National University-Main Campus,FL,408844
Florida Southern College,FL,134079
Florida State College at Jacksonville,FL,133702
Foothill College,CA,114716
Fort Hays State University,KS,155061
Fort Lewis College,CO,127185
Framingham State University,MA,165866
Francis Marion University,SC,218061
Franciscan Missionaries of Our Lady University,LA,160074
Franklin and Marshall College,PA,212577
Franklin College,IN,150604
Franklin Pierce University,NH,182795
Franklin University,OH,202806
Freed-Hardeman University,TN,220215
Fremont University,CA,372073
Fresno Pacific University,CA,114813
Friends University,KS,155089
Front Range Community College,CO,127200
Frostburg State University,MD,162584
Full Sail University,FL,134237
Furman University,SC,218070
Galen College of Nursing-Cincinnati,OH,452948
Galen College of Nursing-Louisville,KY,156471
Galen College of Nursing-San Antonio,TX,406033
Galen College of Nursing-Tampa Bay,FL,406024
Galveston College,TX,224961
Gannon University,PA,212601
Gardner-Webb University,NC,198561
Geneva College,PA,212656
George Fox University,OR,208822
George Mason University,VA,232186
George Washington University,DC,131469
Georgia Military College,GA,485111
Georgian Court University,NJ,184773
Gettysburg College,PA,212674
Glenville State University,WV,237385
Gnomon,CA,449384
Gods Bible School and College,OH,202903
Golden Gate University,CA,115083
Goldey-Beacom College,DE,130989
Gonzaga University,WA,235316
Goodwin University,CT,129154
Gordon College,MA,165936
Goshen College,IN,150668
Goucher College,MD,162654
Governors State University,IL,145336
Grace Christian University,MI,170000
Grace College and Theological Seminary,IN,150677
Grace Mission University,CA,481058
Grace School of Theology,TX,481401
Graceland University-Lamoni,IA,153366
Grand Canyon University,AZ,104717
Grand Valley State University,MI,170082
Grand View University,IA,153375
Granite State College,NH,183257
Grays Harbor College,WA,235334
Grayson College,TX,225070
Great Basin College,NV,182306
Great Northern University,WA,497213
Green River College,WA,235343
Greensboro College,NC,198598
Greenville Technical College,SC,218113
Greenville University,IL,145372
Grove City College,PA,212805
Guam Community College,GU,240745
Guilford College,NC,198613
Gulf Coast State College,FL,134343
Gurnick Academy of Medical Arts,CA,459213
Gustavus Adolphus College,MN,173647
Gwynedd Mercy University,PA,212832
Hallmark University,TX,225201
Hamilton College,NY,191515
Hamline University,MN,173665
Hampshire College,MA,166018
Hampton University,VA,232265
Hanover College,IN,150756
Hardin-Simmons University,TX,225247
Harding University,AR,107044
Harris-Stowe State University,MO,177551
Harrisburg University of Science and Technology,PA,446640
Hartwick College,NY,191533
Haskell Indian Nations University,KS,155140
Hastings College,NE,181127
Haven University,CA,111045
Haverford College,PA,212911
Hawaii Pacific University,HI,141644
Heidelberg University,OH,203085
Helene Fuld College of Nursing,NY,191597
Henderson State University,AR,107071
Hendrix College,AR,107080
Henry Ford College,MI,170240
Heritage Bible College,NC,198677
Heritage Christian University,AL,101453
Heritage University,WA,235422
Herzing University-Akron,OH,200785
Herzing University-Atlanta,GA,140340
Herzing University-Birmingham,AL,101365
Herzing University-Brookfield,WI,459851
Herzing University-Kenosha,WI,459842
Herzing University-Madison,WI,240392
Herzing University-Minneapolis,MN,174154
Herzing University-New Orleans,LA,433536
Herzing University-Orlando,FL,386472
Herzing University-Tampa,FL,496973
Hesston College,KS,155177
Hilbert College,NY,191621
Hillsdale College,MI,168555
Hiram College,OH,203128
Hobart William Smith Colleges,NY,191630
Hobe Sound Bible College,FL,134510
Hofstra University,NY,191649
Hollins University,VA,232308
Holy Apostles College and Seminary,CT,129534
Holy Cross College,IN,150774
Holy Family University,PA,212984
Hood College,MD,162760
Hope College,MI,170301
Horizon University,IN,457226
Houghton University,NY,191676
Howard Payne University,TX,225548
Huertas College,PR,242112
Hult International Business School,MA,164368
Humphreys University-Stockton and Modesto Campuses,CA,115773
Huntingdon College,AL,101435
Huntington University,IN,150941
Huntsville Bible College,AL,449348
Husson University,ME,487524
Huston-Tillotson University,TX,225575
Ilisagvik College,AK,434584
Illinois Institute of Technology,IL,145725
Illinois State University,IL,145813
Illinois Wesleyan University,IL,145646
Immaculata University,PA,213011
Indian Bible College,AZ,495280
Indian River State College,FL,134608
Indiana Institute of Technology,IN,151290
Indiana Institute of Technology-College of Professional Studies,IN,492962
Indiana State University,IN,151324
Indiana University-Bloomington,IN,151351
Indiana University-East,IN,151388
Indiana University-Kokomo,IN,151333
Indiana University-Northwest,IN,151360
Indiana University-Purdue University-Indianapolis,IN,24378002
Indiana University-South Bend,IN,151342
Indiana University-Southeast,IN,151379
Indiana Wesleyan University-Marion,IN,151801
Indiana Wesleyan University-National & Global,IN,488679
Institute of American Indian and Alaska Native Culture and Arts Development,NM,187745
Inter American University of Puerto Rico-Aguadilla,PR,242626
Inter American University of Puerto Rico-Arecibo,PR,242635
Inter American University of Puerto Rico-Barranquitas,PR,242644
Inter American University of Puerto Rico-Fajardo,PR,242680
Inter American University of Puerto Rico-Guayama,PR,242699
Inter American University of Puerto Rico-Metro,PR,242653
Inter American University of Puerto Rico-San German,PR,242617
International Baptist College and Seminary,AZ,436614
"Iona University

",NY,191931
Iowa State University,IA,153603
Ithaca College,NY,191968
Jackson College,MI,170444
Jackson State University,MS,175856
Jacksonville State University,AL,101480
James Madison University,VA,232423
Jarvis Christian University,TX,225885
John Brown University,AR,107141
John Patrick University of Health and Applied Sciences,IN,488776
John Paul the Great Catholic University,CA,462354
Johnson & Wales University-Charlotte,NC,445708
Johnson & Wales University-Providence,RI,217235
Johnson C Smith University,NC,198756
Jose Maria Vargas University,FL,461281
Joyce University of Nursing and Health Sciences,UT,447263
Judson University,IL,146339
Juniata College,PA,213251
Kalamazoo College,MI,170532
Kansas City Art Institute,MO,177746
Kansas State University,KS,155399
Kansas Wesleyan University,KS,155414
Kean University,NJ,185262
Keene State College,NH,183062
Kehilath Yakov Rabbinical Seminary,NY,192165
Keiser University-Ft Lauderdale,FL,135081
Kent State University at Ashtabula,OH,203447
Kent State University at East Liverpool,OH,203456
Kent State University at Geauga,OH,203526
Kent State University at Kent,OH,203517
Kent State University at Salem,OH,203492
Kent State University at Stark,OH,203465
Kent State University at Trumbull,OH,203474
Kent State University at Tuscarawas,OH,203483
Kentucky State University,KY,157058
Kentucky Wesleyan College,KY,157076
Kettering University,MI,169983
Keuka College,NY,192192
Keystone College,PA,213303
King University,TN,220516
King's College,PA,213321
Knox College,IL,146427
La Roche University,PA,213358
La Sierra University,CA,117627
Laboure College of Healthcare,MA,165264
Lac Courte Oreilles Ojibwe University,WI,260372
Lackawanna College,PA,213376
LaGrange College,GA,140234
Laguna College of Art and Design,CA,117168
Lake Erie College,OH,203580
Lake Forest College,IL,146481
Lake Superior State University,MI,170639
Lake Washington Institute of Technology,WA,235699
Lake-Sumter State College,FL,135188
Lakeland University,WI,238980
Lamar University,TX,226091
Lancaster Bible College,PA,213400
Lander University,SC,218229
Landmark College,VT,247649
Lane College,TN,220598
Langston University,OK,207209
Laramie County Community College,WY,240620
Laredo College,TX,226125
Lasell University,MA,166391
Latin American Bible Institute,CA,117283
Laurus College,CA,454786
Lawrence University,WI,239017
Le Moyne College,NY,192323
Learnet Academy Inc,CA,483221
Lebanon Valley College,PA,213507
Lees-McRae College,NC,198808
Lehigh University,PA,213543
Lenoir-Rhyne University,NC,198835
Lesley University,MA,166452
LeTourneau University,TX,226231
Lewis & Clark College,OR,209056
Lewis University,IL,146612
Lewis-Clark State College,ID,142328
Liberty University,VA,232557
Life Pacific University,CA,117104
LIM College,NY,192271
Limestone University,SC,218238
Lincoln Memorial University,TN,220631
Lincoln University,MO,177940
Lincoln University,CA,117557
Lincoln University,PA,213598
Lindenwood University,MO,177968
Lindsey Wilson College,KY,157216
Linfield University,OR,209065
Logan University,MO,177986
Lone Star College System,TX,227182
Long Island University,NY,192448
Longwood University,VA,232566
Longy School of Music of Bard College,MA,166489
Lorain County Community College,OH,203748
Loras College,IA,153825
Los Angeles Film School,CA,436429
Louisiana State University and Agricultural & Mechanical College,LA,159391
Louisiana State University-Alexandria,LA,159382
Lourdes University,OH,203757
Lower Columbia College,WA,235750
Loyola University Chicago,IL,146719
Loyola University Maryland,MD,163046
Loyola University New Orleans,LA,159656
Lubbock Christian University,TX,226383
Luther College,IA,153834
Luther Rice College & Seminary,GA,135364
Lycoming College,PA,213668
Lynn University,FL,132657
Lyon College,AR,106342
Macalester College,MN,173902
Machzikei Hadath Rabbinical College,NY,192624
Madonna University,MI,170806
Maharishi International University,IA,153861
Maine College of Art & Design,ME,161509
Maine Maritime Academy,ME,161299
Malone University,OH,203775
Manchester University,IN,151777
Manhattan Christian College,KS,155496
Manhattan College,NY,190521
Manhattan School of Music,NY,192712
Manhattanville College,NY,192749
Manna University,NC,461528
Manor College,PA,213774
Maria College of Albany,NY,192785
Marian University,WI,239080
Marian University,IN,151786
Marietta College,OH,203845
Marist College,NY,192819
Marquette University,WI,239105
Mars Hill University,NC,198899
Marshall University,WV,237525
Martin University,IN,151810
Mary Baldwin University,VA,232672
Maryland Institute College of Art,MD,163295
Marymount Manhattan College,NY,192864
Marymount University,VA,232706
Maryville College,TN,220710
Marywood University,PA,213826
Massachusetts College of Art and Design,MA,166674
Mayville State University,ND,200226
McDaniel College,MD,164270
McKendree University,IL,147013
McMurry University,TX,226587
McNeese State University,LA,159717
McPherson College,KS,155511
MCPHS University,MA,166656
Menlo College,CA,118693
Mercy College,NY,193016
Mercy College of Health Sciences,IA,153977
Mercy College of Ohio,OH,203960
Mercyhurst University,PA,213987
Meredith College,NC,198950
Merrimack College,MA,166850
Mesivta of Eastern Parkway-Yeshiva Zichron Meilech,NY,193061
Mesivta Torah Vodaath Rabbinical Seminary,NY,193052
Mesivtha Tifereth Jerusalem of America,NY,193070
Messenger College,TX,417752
Messiah University,PA,213996
Methodist University,NC,198969
Metropolitan College of New York,NY,190114
Metropolitan State University,MN,174020
Metropolitan State University of Denver,CO,127565
Miami Dade College,FL,135717
Miami Regional University,FL,451103
Miami University-Hamilton,OH,204006
Miami University-Middletown,OH,204015
Michigan State University,MI,171100
Michigan Technological University,MI,171128
Mid-America Christian University,OK,245953
Mid-Atlantic Christian University,NC,199458
MidAmerica Nazarene University,KS,155520
Midland College,TX,226806
Midland University,NE,181330
Midwestern State University,TX,226833
Miles College,AL,101675
Millennia Atlantic University,FL,461883
Miller-Motte College-Wilmington,NC,198978
Millersville University of Pennsylvania,PA,214041
Milligan University,TN,486901
Millikin University,IL,147244
Millsaps College,MS,175980
Milwaukee Institute of Art & Design,WI,239309
Milwaukee School of Engineering,WI,239318
Minerva University,CA,484844
Minneapolis College of Art and Design,MN,174127
Minnesota State University Moorhead,MN,174358
Minnesota State University-Mankato,MN,173920
Minot State University,ND,200253
MiraCosta College,CA,118912
Mirrer Yeshiva Cent Institute,NY,193247
Mississippi College,MS,176354
Mississippi University for Women,MS,176035
Missouri Baptist University,MO,178244
Missouri Southern State University,MO,178341
Missouri State University-Springfield,MO,179566
Missouri Valley College,MO,178369
Missouri Western State University,MO,178387
Mitchell College,CT,129774
Modesto Junior College,CA,118976
Monmouth College,IL,147341
Monroe College,NY,193308
Montana State University-Northern,MT,180522
Montana Technological University,MT,180416
Montclair State University,NJ,185590
Montreat College,NC,199032
Montserrat College of Art,MA,166911
Moody Bible Institute,IL,147369
Moore College of Art and Design,PA,214148
Moravian University,PA,214157
Morehead State University,KY,157386
Morgan State University,MD,163453
Morningside University,IA,154004
MORRIS BROWN COLLEGE,GA,140571
Morris College,SC,218399
Mount Aloysius College,PA,214166
Mount Angel Seminary,OR,209241
Mount Carmel College of Nursing,OH,204176
Mount Holyoke College,MA,166939
Mount Marty University,SD,219198
Mount Mary University,WI,239390
Mount Mercy University,IA,154013
Mount Saint Joseph University,OH,204200
Mount Saint Mary College,NY,193353
Mount Saint Mary's University,CA,119173
Mount St. Mary's University,MD,163462
Mount Vernon Nazarene University,OH,204194
Muhlenberg College,PA,214175
Murray State University,KY,157401
Musicians Institute,CA,119270
Muskingum University,OH,204264
Naropa University,CO,127653
National American University-Ellsworth,SD,440749
National Louis University,IL,147536
National University,CA,119605
Navajo Technical University,NM,187596
Nazareth College,NY,193584
Nebraska Methodist College of Nursing & Allied Health,NE,181297
Nebraska Wesleyan University,NE,181446
Ner Israel Rabbinical College,MD,163532
Neumann University,PA,214272
Neumont College of Computer Science,UT,445692
Nevada State College,NV,441900
New England College,NH,182980
New England Institute of Technology,RI,217305
New Hope Christian College-Eugene,OR,208725
New Jersey City University,NJ,185129
New Mexico Highlands University,NM,187897
New Mexico State University-Main Campus,NM,188030
New Orleans Baptist Theological Seminary,LA,159948
New York College of Health Professions,NY,418126
New York Film Academy,CA,461148
New York Institute of Technology,NY,194091
New York School of Interior Design,NY,194116
Newman University,KS,155335
Newschool of Architecture and Design,CA,119775
NewU University,DC,496803
Niagara University,NY,193973
Nicholls State University,LA,159966
Nichols College,MA,167260
Nightingale College,UT,444787
North American University,TX,461795
North Central College,IL,147660
North Central State College,OH,204422
North Central University,MN,174437
North Florida College,FL,132675
North Greenville University,SC,218441
North Park University,IL,147679
North Seattle College,WA,236072
Northeastern Illinois University,IL,147776
Northeastern State University,OK,207263
Northern Arizona University,AZ,105330
Northern Illinois University,IL,147703
Northern Kentucky University,KY,157447
Northern Marianas College,MP,240790
Northern Michigan University,MI,171456
Northern New Mexico College,NM,188058
Northern State University,SD,219259
Northland College,WI,239512
Northpoint Bible College,MA,217606
Northwest College,WY,240657
Northwest College of Art & Design,WA,377546
Northwest Florida State College,FL,136233
Northwest Indian College,WA,380377
Northwest Missouri State University,MO,178624
Northwest Nazarene University,ID,142461
Northwest University,WA,236133
Northwest University-Center for Online and Extended Education,WA,487603
Northwestern College,IA,154101
Northwestern Michigan College,MI,171483
Northwestern Oklahoma State University,OK,207306
Northwestern State University of Louisiana,LA,160038
Northwood University,MI,171492
Norwich University,VT,230995
Nossi College of Art,TN,368452
Notre Dame of Maryland University,MD,163578
NUC University,PR,242972
NUC University - Florida Technical College,FL,24297207
Nueta Hidatsa Sahnish College,ND,200086
Oak Hills Christian College,MN,174525
Oak Valley College,CA,495059
Oakland City University,IN,152099
Oakwood University,AL,101912
Occidental College,CA,120254
Odessa College,TX,227304
Oglala Lakota College,SD,219277
Oglethorpe University,GA,140696
Ohio Christian University,OH,201964
Ohio Dominican University,OH,204617
Ohio Northern University,OH,204635
Ohio State University-Lima Campus,OH,204671
Ohio State University-Mansfield Campus,OH,204680
Ohio State University-Marion Campus,OH,204699
Ohio State University-Newark Campus,OH,204705
Ohio University-Chillicothe Campus,OH,204820
Ohio University-Eastern Campus,OH,204802
Ohio University-Lancaster Campus,OH,204848
Ohio University-Southern Campus,OH,204839
Ohio University-Zanesville Campus,OH,204866
Ohio Wesleyan University,OH,204909
Oklahoma Baptist University,OK,207403
Oklahoma Panhandle State University,OK,207351
Oklahoma State University Institute of Technology,OK,207564
Oklahoma State University-Main Campus,OK,207388
Oklahoma Wesleyan University,OK,206835
Old Dominion University,VA,232982
Olivet College,MI,171599
Olivet Nazarene University,IL,147828
Olympic College,WA,236188
Oregon Institute of Technology,OR,209506
Oregon State University-Cascades Campus,OR,440828
Orion Technical College,IA,153427
Otis College of Art and Design,CA,120403
Ottawa University-Ottawa,KS,155627
Ottawa University-Surprise,AZ,464226
Otterbein University,OH,204936
Ouachita Baptist University,AR,107512
Our Lady of the Lake University,TX,227331
Ozark Christian College,MO,178679
Pace University,NY,194310
Pacific Bible College,OR,407610
Pacific College of Health and Science,NY,414595
Pacific College of Health and Science,IL,442842
Pacific College of Health and Science,CA,378576
Pacific Islands University,GU,439862
Pacific Lutheran University,WA,236230
Pacific Rim Christian University,HI,457484
Pacific States University,CA,120838
Pacific Union College,CA,120865
Pacific University,OR,209612
Paier College,CT,130110
Paine College,GA,140720
Palm Beach Atlantic University,FL,136330
Palm Beach State College,FL,136358
Park University,MO,178721
Parker University,TX,243823
Pasco-Hernando State College,FL,136400
Paul Quinn College,TX,227429
Paul Smiths College of Arts and Science,NY,194392
PCI College,CA,439871
Peirce College,PA,214883
Peninsula College,WA,236258
Pennsylvania College of Art and Design,PA,215053
Pennsylvania College of Technology,PA,366252
Pennsylvania Institute of Technology,PA,214582
Pennsylvania Western University,PA,498571
Pensacola State College,FL,136473
Pepperdine University,CA,121150
Peru State College,NE,181534
Pfeiffer University,NC,199306
Piedmont University,GA,140818
Pikes Peak State College,CO,127820
Pillar College,NJ,440794
Pima Medical Institute-Tucson,AZ,105534
Pittsburg State University,KS,155681
Pittsburgh Technical College,PA,215415
Platt College-Aurora,CO,260813
Platt College-Los Angeles,CA,260789
Platt College-Ontario,CA,432384
Platt College-Riverside,CA,480204
Platt College-San Diego,CA,121275
Plaza College,NY,194499
Plymouth State University,NH,183080
Point Loma Nazarene University,CA,121309
Point Park University,PA,215442
Point University,GA,138868
Polk State College,FL,136516
Pomona College,CA,467368
Post University,CT,130183
Potomac State College of West Virginia University,WV,237701
Prairie View A & M University,TX,227526
Pratt Institute-Main,NY,194578
Presbyterian College,SC,218539
Prescott College,AZ,105589
Principia College,IL,148016
Providence College,RI,217402
Provo College,UT,380438
Pueblo Community College,CO,127884
Purdue University Fort Wayne,IN,151102
Purdue University Global,IN,489779
Purdue University Northwest,IN,490805
Queens University of Charlotte,NC,199412
Quincy College,MA,167525
Quincy University,IL,148131
Quinnipiac University,CT,130226
Rabbi Jacob Joseph School,NJ,384421
Rabbinical Academy Mesivta Rabbi Chaim Berlin,NY,194657
Rabbinical College Beth Shraga,NY,194693
Rabbinical College Bobover Yeshiva Bnei Zion,NY,194666
Rabbinical College of America,NJ,186186
Rabbinical College of Long Island,NY,194736
Rabbinical College of Ohr Shimon Yisroel,NY,405854
Rabbinical College Telshe,OH,205124
Rabbinical Seminary Mkor Chaim,NJ,194718
Rabbinical Seminary of America,NY,194763
Radford University,VA,233277
Ramapo College of New Jersey,NJ,186201
Ranken Technical College,MO,178891
Rasmussen University-Florida,FL,138309
Rasmussen University-Illinois,IL,448673
Rasmussen University-Kansas,KS,480657
Rasmussen University-Minnesota,MN,175014
Rasmussen University-North Dakota,ND,200013
Rasmussen University-Wisconsin,WI,450571
Reach University,CA,497480
Red Rocks Community College,CO,127909
Regent University,VA,231651
Regis College,MA,166407
Reinhardt University,GA,140872
Remington College-Memphis Campus,TN,412599
Remington College-Mobile Campus,AL,366535
Remington College-North Houston Campus,TX,445203
Remington College-Shreveport Campus,LA,451866
Renton Technical College,WA,236382
Rhode Island College,RI,217420
Rhode Island School of Design,RI,217493
Rhodes College,TN,221351
Rice University,TX,227757
Rider University,NJ,186283
Ringling College of Art and Design,FL,136774
Rio Hondo College,CA,121886
Ripon College,WI,239628
Riverside College of Health Careers,VA,233408
Rivier University,NH,183211
Roanoke College,VA,233426
Robert Morris University,PA,215655
Roberts Wesleyan University,NY,194958
Rochester Institute of Technology,NY,195003
Rockford University,IL,148405
Rockhurst University,MO,179043
Rocky Mountain College,MT,180595
Rocky Mountain College of Art and Design,CO,127945
Roger Williams University,RI,217518
Rollins College,FL,136950
Roosevelt University,IL,148487
Rosemont College,PA,215691
Rowan University,NJ,184782
Russell Sage College,NY,195128
Rust College,MS,176318
Rutgers University-Newark,NJ,186399
Sacred Heart Major Seminary,MI,172033
Sacred Heart University,CT,130253
SAE Institute of Technology-Nashville,TN,446525
Saginaw Valley State University,MI,172051
Saint Ambrose University,IA,154235
Saint Anselm College,NH,183239
Saint Anthony College of Nursing,IL,149028
Saint Charles Borromeo Seminary-Overbrook,PA,216047
Saint Cloud State University,MN,174783
Saint Edward's University,TX,227845
Saint Elizabeth University,NJ,186618
Saint Francis University,PA,215743
Saint Johns River State College,FL,137281
Saint Johns University,MN,174792
Saint Joseph Seminary College,LA,160409
Saint Joseph's College of Maine,ME,161518
Saint Joseph's University,PA,215770
Saint Leo University,FL,137032
Saint Martin's University,WA,236452
Saint Mary-of-the-Woods College,IN,152381
Saint Mary's College,IN,152390
Saint Mary's College of California,CA,123554
Saint Mary's University of Minnesota,MN,174817
Saint Michael's College,VT,231059
Saint Peter's University,NJ,186432
Saint Vincent College,PA,215798
Saint Xavier University,IL,148627
Salem College,NC,199607
Salem State University,MA,167729
Salem University,WV,237783
Salisbury University,MD,163851
Salish Kootenai College,MT,180647
Salve Regina University,RI,217536
Sam Houston State University,TX,227881
San Diego Global Knowledge University,CA,493512
San Diego Mesa College,CA,122375
San Diego State University,CA,122409
San Francisco Bay University,CA,120166
San Francisco Conservatory of Music,CA,122506
San Francisco State University,CA,122597
San Ignacio University,FL,486239
San Joaquin Valley College-Visalia,CA,122685
San Jose State University,CA,122755
Santa Ana College,CA,481128
Santa Fe College,FL,137096
Santa Monica College,CA,122977
Sarah Lawrence College,NY,195304
Savannah College of Art and Design,GA,140951
Schiller International University,FL,404338
School of the Art Institute of Chicago,IL,143048
School of Visual Arts,NY,197151
Schoolcraft Community College District,MI,172200
Scripps College,CA,123165
Seattle Central College,WA,236513
Seattle Film Institute,WA,488448
Seattle Pacific University,WA,236577
Seattle University,WA,236595
Selma University,AL,102058
Seminole State College of Florida,FL,137209
Seton Hill University,PA,215947
Sh'or Yoshuv Rabbinical College,NY,195438
Shaw University,NC,199643
Shawnee State University,OH,205443
Shenandoah University,VA,233541
Shepherd University,WV,237792
Shippensburg University of Pennsylvania,PA,216010
Shorter University,GA,140988
Siena College,NY,195474
Siena Heights University,MI,172264
Simmons College of Kentucky,KY,461759
Simmons University,MA,167783
Simpson College,IA,154350
Simpson University,CA,123457
Sinclair Community College,OH,205470
Sinte Gleska University,SD,219374
Sisseton Wahpeton College,SD,219408
Sitting Bull College,ND,200466
Skagit Valley College,WA,236638
Skidmore College,NY,195526
Skyline College,CA,123509
Slippery Rock University of Pennsylvania,PA,216038
Smith Chason College,CA,441229
Smith College,MA,167835
Snow College,UT,230597
Soka University of America,CA,399911
Solano Community College,CA,123563
Sonoma State University,CA,123572
South Carolina State University,SC,218733
South College,TN,221485
South Dakota School of Mines and Technology,SD,219347
South Florida Bible College and Theological Seminary,FL,366003
South Seattle College,WA,236504
South Texas College,TX,409315
South University-Austin,TX,480073
South University-Montgomery,AL,101116
South University-Richmond,VA,459259
South University-Savannah,GA,139579
South University-Tampa,FL,449898
South University-Virginia Beach,VA,459268
South University-West Palm Beach,FL,133465
Southeast Missouri State University,MO,179557
Southeastern Baptist College,MS,176336
Southeastern Baptist Theological Seminary,NC,199759
Southeastern College-West Palm Beach,FL,428170
Southeastern Louisiana University,LA,160612
Southeastern Oklahoma State University,OK,207847
Southern Adventist University,TN,221661
Southern California Institute of Architecture,CA,123952
Southern California Institute of Technology,CA,399869
Southern California Seminary,CA,117575
Southern Connecticut State University,CT,130493
Southern Illinois University-Carbondale,IL,149222
Southern Illinois University-Edwardsville,IL,149231
Southern Methodist University,TX,228246
Southern Nazarene University,OK,206862
Southern New Hampshire University,NH,183026
Southern Oregon University,OR,210146
Southern Technical College,FL,366553
Southern University and A & M College,LA,160621
Southern University at New Orleans,LA,160630
Southern Utah University,UT,230603
Southern Virginia University,VA,233611
Southern Wesleyan University,SC,217776
Southwest Baptist University,MO,179326
Southwest Minnesota State University,MN,175078
Southwest University at El Paso,TX,451556
Southwestern Adventist University,TX,228468
Southwestern Assemblies of God University,TX,228325
Southwestern Christian College,TX,228486
Southwestern Christian University,OK,207856
Southwestern College,KS,155900
Southwestern Oklahoma State University,OK,207865
Southwestern University,TX,228635
Spalding University,KY,157757
Spartan College of Aeronautics and Technology,OK,207254
Spartanburg Methodist College,SC,218821
Spring Arbor University,MI,172334
Spring Hill College,AL,102234
Springfield College,MA,167899
St Bonaventure University,NY,195164
St Catherine University,MN,175005
St Lawrence University,NY,195216
St Olaf College,MN,174844
St Petersburg College,FL,137078
St. Andrews University,NC,199698
St. Francis College,NY,195173
St. John Fisher University,NY,195720
St. John Vianney College Seminary,FL,137272
St. John's College,MD,163976
St. John's College,NM,245652
St. John's University-New York,NY,195809
St. Joseph's University-New York,NY,195544
St. Mary's College of Maryland,MD,163912
St. Mary's University,TX,228149
St. Thomas Aquinas College,NY,195243
St. Thomas University,FL,137476
Stanbridge University,CA,446561
State College of Florida-Manatee-Sarasota,FL,135391
State University of New York at Oswego,NY,196194
Stephen F Austin State University,TX,228431
Sterling College,VT,231095
Stetson University,FL,137546
Stevens-The Institute of Business & Arts,MO,178767
Stevenson University,MD,164173
Stillman College,AL,102270
Stockton University,NJ,186876
Stone Child College,MT,366340
Stony Brook University,NY,196097
Strayer University-Alabama,AL,450377
Strayer University-Arkansas,AR,458885
Strayer University-Delaware,DE,450298
Strayer University-District of Columbia,DC,131803
Strayer University-Florida,FL,449038
Strayer University-Georgia,GA,458919
Strayer University-Maryland,MD,430184
Strayer University-Mississippi,MS,458955
Strayer University-New Jersey,NJ,453215
Strayer University-North Carolina,NC,453163
Strayer University-Pennsylvania,PA,443784
Strayer University-South Carolina,SC,458964
Strayer University-Tennessee,TN,443766
Strayer University-Texas,TX,458973
Strayer University-Virginia,VA,233684
Strayer University-West Virginia,WV,456621
Suffolk University,MA,168005
Sul Ross State University,TX,228501
Sullivan University,KY,157793
SUM Bible College and Theological Seminary,CA,447953
Sumner College,OR,208512
SUNY at Fredonia,NY,196158
SUNY at Purchase College,NY,196219
SUNY Brockport,NY,196121
SUNY College at Geneseo,NY,196167
SUNY College at Old Westbury,NY,196237
SUNY College at Plattsburgh,NY,196246
SUNY College at Potsdam,NY,196200
SUNY College of Environmental Science and Forestry,NY,196103
SUNY College of Technology at Alfred,NY,196006
SUNY College of Technology at Delhi,NY,196024
SUNY Cortland,NY,196149
SUNY Morrisville,NY,196051
SUNY Oneonta,NY,196185
SUNY Polytechnic Institute,NY,196112
Susquehanna University,PA,216278
Sweet Briar College,VA,233718
Tabor College,KS,155973
Talladega College,AL,102298
Tallahassee Community College,FL,137759
Talmudic College of Florida,FL,137777
Talmudical Academy-New Jersey,NJ,186900
Talmudical Seminary of Bobov,NY,451404
Talmudical Seminary Oholei Torah,NY,196431
Talmudical Yeshiva of Philadelphia,PA,216311
Tarleton State University,TX,228529
Taylor University,IN,152530
Temple University,PA,216339
Tennessee Technological University,TN,221847
Tennessee Wesleyan University,TN,221731
Texas A & M International University,TX,226152
Texas A & M University-College Station,TX,228723
Texas A & M University-Commerce,TX,224554
Texas A & M University-Corpus Christi,TX,224147
Texas A & M University-Kingsville,TX,228705
Texas A&M University-San Antonio,TX,228644
Texas A&M University-Texarkana,TX,224545
Texas College,TX,224110
Texas Lutheran University,TX,228981
Texas State University,TX,228459
Texas Wesleyan University,TX,229160
Texas Woman's University,TX,229179
The Catholic University of America,DC,131283
The Christ College of Nursing and Health Sciences,OH,201821
The College of Idaho,ID,142294
The College of Saint Scholastica,MN,174899
The College of the Florida Keys,FL,133960
The College of Westchester,NY,197285
The College of Wooster,OH,206589
The Evergreen State College,WA,235167
The Juilliard School,NY,192110
The King's University,TX,439701
The Master's University and Seminary,CA,117751
The Modern College of Design,OH,205391
The New England Conservatory of Music,MA,167057
The New School,NY,193654
The Southwestern Baptist Theological Seminary,TX,494603
The University of Findlay,OH,202763
The University of Montana,MT,180489
The University of Montana-Western,MT,180692
The University of Tampa,FL,137847
The University of Texas at Arlington,TX,228769
The University of Texas at Dallas,TX,228787
The University of Texas at El Paso,TX,228796
The University of Texas at San Antonio,TX,229027
The University of Texas at Tyler,TX,228802
The University of Texas Permian Basin,TX,229018
The University of the South,TN,221519
Thiel College,PA,216357
Thomas College,ME,161563
Thomas Jefferson University,PA,216366
Thomas More College of Liberal Arts,NH,183275
Thomas More University,KY,157809
Thomas University,GA,141167
Tiffin University,OH,206048
Toccoa Falls College,GA,141185
Torah Temimah Talmudical Seminary,NY,196583
Touro University,NY,196592
Touro University Worldwide,CA,459727
Towson University,MD,164076
Transylvania University,KY,157818
Trevecca Nazarene University,TN,221892
Tri-State Bible College,OH,206154
Trine University,IN,152567
Trine University-Regional/Non-Traditional Campuses,IN,414878
Trinidad State College,CO,128258
Trinity Baptist College,FL,137953
Trinity Christian College,IL,149505
Trinity College,CT,130590
Trinity International University-Illinois,IL,149514
Trinity Washington University,DC,131876
Trocaire College,NY,196653
Troy University,AL,102368
Truckee Meadows Community College,NV,182500
Turtle Mountain Community College,ND,200527
Tusculum University,TN,221953
Tuskegee University,AL,102377
Tyler Junior College,TX,229355
Union Bible College,IN,491525
Union College,KY,157863
Union College,NY,196866
Union College,NE,181738
United International College,FL,486354
United States Coast Guard Academy,CT,130624
United Talmudical Seminary,NY,197018
United Tribes Technical College,ND,200554
Unitek College,CA,479424
Unity College,ME,161572
Universal Technology College of Puerto Rico,PR,376385
Universidad Adventista de las Antillas,PR,241191
Universidad Ana G. Mendez-Cupey Campus,PR,241739
Universidad Ana G. Mendez-Gurabo Campus,PR,243601
Universidad Ana G. Mendez–Carolina campus,PR,243346
Universidad Central de Bayamon,PR,241225
Universidad del Sagrado Corazon,PR,243443
University of Advancing Technology,AZ,363934
University of Akron Main Campus,OH,200800
University of Alaska Anchorage,AK,102553
University of Alaska Southeast,AK,102632
University of Arizona,AZ,104179
University of Arkansas at Little Rock,AR,106245
University of Arkansas at Monticello,AR,106485
University of Arkansas for Medical Sciences,AR,106263
University of Arkansas-Fort Smith,AR,108092
University of Baltimore,MD,161873
University of Bridgeport,CT,128744
University of California-Berkeley,CA,110635
University of California-Davis,CA,110644
University of California-Irvine,CA,110653
University of California-Merced,CA,445188
University of California-Riverside,CA,110671
University of California-Santa Barbara,CA,110705
University of California-Santa Cruz,CA,110714
University of Central Missouri,MO,176965
University of Central Oklahoma,OK,206941
University of Charleston,WV,237312
University of Cincinnati-Blue Ash College,OH,201955
University of Cincinnati-Clermont College,OH,201946
University of Colorado Boulder,CO,126614
University of Dayton,OH,202480
University of Detroit Mercy,MI,169716
University of Dubuque,IA,153278
University of Evansville,IN,150534
University of Fort Lauderdale,FL,457402
University of Guam,GU,240754
University of Hartford,CT,129525
University of Hawaii at Hilo,HI,141565
University of Hawaii at Manoa,HI,141574
University of Hawaii Maui College,HI,141839
University of Hawaii-West Oahu,HI,141981
University of Holy Cross,LA,160065
University of Illinois Springfield,IL,148654
University of Illinois Urbana-Champaign,IL,145637
University of Indianapolis,IN,151111
University of Iowa,IA,153658
University of Jamestown,ND,200156
University of Kansas,KS,155317
University of La Verne,CA,117140
University of Louisiana at Lafayette,LA,160658
University of Louisiana at Monroe,LA,159993
University of Louisville,KY,157289
University of Lynchburg,VA,232609
University of Maine at Farmington,ME,161226
University of Maine at Fort Kent,ME,161235
University of Maine at Machias,ME,16125301
University of Maine at Presque Isle,ME,161341
University of Management and Technology,VA,437097
University of Mary,ND,200217
University of Mary Washington,VA,232681
University of Maryland Eastern Shore,MD,163338
University of Maryland Global Campus,MD,163204
University of Massachusetts Global,CA,262086
University of Massachusetts-Amherst,MA,166629
University of Massachusetts-Boston,MA,166638
University of Massachusetts-Dartmouth,MA,167987
University of Massachusetts-Lowell,MA,166513
University of Michigan-Ann Arbor,MI,170976
University of Michigan-Flint,MI,171146
"University of Minnesota-Crookston
",MN,174075
University of Minnesota-Duluth,MN,174233
University of Missouri-Kansas City,MO,178402
University of Mobile,AL,101693
University of Montevallo,AL,101709
University of Mount Olive,NC,199069
University of Mount Union,OH,204185
University of Nebraska at Kearney,NE,181215
University of Nebraska at Omaha,NE,181394
University of Nebraska-Lincoln,NE,181464
University of Nevada-Las Vegas,NV,182281
University of Nevada-Reno,NV,182290
University of New England,ME,161457
University of New Hampshire at Manchester,NH,183071
University of New Hampshire-Main Campus,NH,183044
University of New Haven,CT,129941
University of New Mexico-Main Campus,NM,187648
University of New Orleans,LA,159373
University of North Alabama,AL,101879
University of North Texas,TX,228909
University of North Texas at Dallas,TX,484905
University of Northern Colorado,CO,127741
University of Northern Iowa,IA,154095
University of Northwestern Ohio,OH,204486
University of Northwestern-St Paul,MN,174491
University of Phoenix-California,CA,484631
University of Phoenix-Hawaii,HI,420042
University of Phoenix-Nevada,NV,484710
University of Phoenix-Texas,TX,484756
University of Providence,MT,180258
University of Puerto Rico-Aguadilla,PR,243106
University of Puerto Rico-Arecibo,PR,241395
University of Puerto Rico-Carolina,PR,243142
University of Puerto Rico-Cayey,PR,243151
University of Puerto Rico-Humacao,PR,243179
University of Puerto Rico-Mayaguez,PR,243197
University of Puerto Rico-Rio Piedras,PR,243221
University of Puerto Rico-Utuado,PR,243188
University of Puget Sound,WA,236328
University of Redlands,CA,121691
University of Rio Grande,OH,205203
University of Rochester,NY,195030
University of Saint Francis-Fort Wayne,IN,152336
University of Saint Joseph,CT,130314
University of Saint Mary,KS,155812
University of San Francisco,CA,110699
University of Silicon Valley,CA,112394
University of Sioux Falls,SD,219383
University of South Carolina Beaufort,SC,218654
University of South Carolina-Upstate,SC,218742
University of Southern Indiana,IN,151306
University of Southern Maine,ME,161554
University of Southern Mississippi,MS,176372
University of St Francis,IL,148584
University of St Thomas,MN,174914
University of St Thomas,TX,227863
University of the Cumberlands,KY,156541
University of the District of Columbia,DC,131399
University of the Incarnate Word,TX,225627
University of the Ozarks,AR,107558
University of the Pacific,CA,120883
University of the Potomac-VA Campus,VA,442639
University of the Potomac-Washington DC Campus,DC,384412
University of the Southwest,NM,188182
University of the Virgin Islands-Albert A. Sheen,VI,24366501
University of the West,CA,449870
University of Toledo,OH,206084
University of Tulsa,OK,207971
University of Valley Forge,PA,216542
University of Virginia's College at Wise,VA,233897
University of Washington-Bothell Campus,WA,377555
University of Washington-Seattle Campus,WA,236948
University of Washington-Tacoma Campus,WA,377564
Upper Iowa University,IA,154493
Ursinus College,PA,216524
Ursuline College,OH,206349
Uta Mesivta of Kiryas Joel,NY,446604
Utah State University,UT,230728
Utah Valley University,UT,230737
Utica University,NY,197045
Valencia College,FL,138187
Valley City State University,ND,200572
Valley College-Martinsburg,WV,377661
Valor Christian College,OH,486257
VanderCook College of Music,IL,149639
Vassar College,NY,197133
Vaughn College of Aeronautics and Technology,NY,188340
Vermont Technical College,VT,231165
Villa Maria College,NY,197142
Vincennes University,IN,152637
Virginia Commonwealth University,VA,234030
Virginia University of Lynchburg,VA,234137
Virginia Wesleyan University,VA,234173
Viterbo University,WI,240107
Voorhees University,SC,218919
Wabash College,IN,152673
Wade College,TX,226879
Wagner College,NY,197197
Wake Forest University,NC,199847
Waldorf University,IA,154518
Walla Walla Community College,WA,236887
Walla Walla University,WA,236896
Walnut Hill College,PA,215637
Walsh University,OH,206437
Warner Pacific University,OR,480198
Warner University,FL,138275
Warren Wilson College,NC,199865
Wartburg College,IA,154527
Washburn University,KS,156082
Washington & Jefferson College,PA,216667
Washington Adventist University,MD,162210
Washington College,MD,164216
Washington State University Everett,WA,23693904
Washington State University Spokane,WA,23693902
Washington State University Tri-Cities,WA,23693903
Washington State University Vancouver,WA,23693901
Washington University in St Louis,MO,179867
Wayland Baptist University,TX,229780
Wayne State College,NE,181783
Waynesburg University,PA,216694
Weatherford College,TX,229799
Webb Institute,NY,197221
Webber International University,FL,138293
Weber State University,UT,230782
Webster University,MO,179894
Welch College,TN,220206
Wentworth Institute of Technology,MA,168227
Wesleyan College,GA,141325
Wesleyan University,CT,130697
West Coast University-Dallas,TX,477039
West Coast University-Los Angeles,CA,443331
West Coast University-Miami,FL,485272
West Coast University-Ontario,CA,458229
West Coast University-Orange County,CA,458210
West Liberty University,WV,237932
West Los Angeles College,CA,125471
West Texas A & M University,TX,229814
West Virginia State University,WV,237899
West Virginia University at Parkersburg,WV,237686
West Virginia Wesleyan College,WV,237969
Westcliff University,CA,490133
Western Colorado University,CO,128391
Western Connecticut State University,CT,130776
Western Governors University,UT,433387
Western Illinois University,IL,149772
Western Kentucky University,KY,157951
Western Michigan University,MI,172477
Western Nevada College,NV,182564
Western New England University,MA,168254
Western New Mexico University,NM,188304
Western Wyoming Community College,WY,240693
Westfield State University,MA,168263
Westminster College,UT,230807
Westminster College,MO,179946
Westminster College,PA,216807
Westmont College,CA,125727
Wheaton College,IL,149781
Wheaton College (Massachusetts),MA,168281
Wheeling University,WV,238078
Whitman College,WA,237057
Whittier College,CA,125763
Whitworth University,WA,237066
Wichita State University,KS,156107
Widener University,PA,216852
Wilberforce University,OH,206491
Wiley College,TX,229887
Willamette University,OR,210401
William & Mary,VA,231624
William Jessup University,CA,122728
William Jewell College,MO,179955
William Paterson University of New Jersey,NJ,187444
William Peace University,NC,199272
William Woods University,MO,179964
Wilmington College,OH,206507
Wilmington University,DE,131113
Wilson College,PA,217013
Wingate University,NC,199962
Winona State University,MN,175272
Winthrop University,SC,218964
Wisconsin Lutheran College,WI,240338
Wittenberg University,OH,206525
Wofford College,SC,218973
Woodbury University,CA,125897
Worcester State University,MA,168430
World Mission University,CA,401223
Wright State University-Lake Campus,OH,206613
Wright State University-Main Campus,OH,206604
Xavier University,OH,206622
Xavier University of Louisiana,LA,160904
Yakima Valley College,WA,237109
Yeshiva Bais Aharon,NJ,490319
Yeshiva D'monsey Rabbinical College,NY,420325
Yeshiva Derech Chaim,NY,197647
Yeshiva Gedolah Imrei Yosef D'spinka,NY,375230
Yeshiva Karlin Stolin,NY,197601
Yeshiva of Nitra Rabbinical College,NY,197674
Yeshiva Ohr Elchonon Chabad West Coast Talmudical Seminary,CA,126076
Yeshiva Shaarei Torah of Rockland,NY,441609
Yeshiva Toras Chaim,NJ,451398
Yeshiva University,NY,197708
Yeshivah Gedolah Rabbinical College,FL,363712
Yeshivath Beth Moshe,PA,217040
Yeshivath Shaar Hatorah,NY,197692
Yeshivath Zichron Moshe,NY,197744
York College of Pennsylvania,PA,217059
York University,NE,181853
Young Harris College,GA,141361
Youngstown State University,OH,206695
Zane State College,OH,204255
Abraham Baldwin Agricultural College,GA,138558
Albany State University,GA,138716
Appalachian State University,NC,197869
Atlanta Metropolitan State College,GA,138901
Augusta University,GA,482149
Barnard College,NY,189097
Bentley University,MA,164739
Boston University,MA,164988
Bowling Green State University-Main Campus,OH,201441
Brigham Young University-Idaho,ID,142522
Bucknell University,PA,211291
Campbell University,NC,198136
Carleton College,MN,173258
Carnegie Mellon University,PA,211440
Cedar Crest College,PA,211468
Claremont McKenna College,CA,112260
Clayton  State University,GA,139311
College of Charleston,SC,217819
College of Coastal Georgia,GA,139250
Colorado Christian University,CO,126669
Columbus State University,GA,139366
Cornell University,NY,190424
Dalton State College,GA,139463
Duke University,NC,198419
East Carolina University,NC,198464
East Georgia State College,GA,139621
Eastern Michigan University,MI,169798
Elizabeth City State University,NC,198507
Emory University,GA,139658
Fayetteville State University,NC,198543
Fordham University,NY,191241
Fort Valley State University,GA,139719
Franciscan University of Steubenville,OH,205957
Georgia Gwinnett College,GA,447689
Georgia Highlands College,GA,139700
Georgia Southern University,GA,139931
Gordon State College,GA,139968
Hampden-Sydney College,VA,232256
Harvey Mudd College,CA,115409
Howard University,DC,131520
Indiana University of Pennsylvania-Main Campus,PA,213020
John Carroll University,OH,203368
Kennesaw State University,GA,486840
Kenyon College,OH,203535
"Kutztown University of Pennsylvania
",PA,213349
La Salle University,PA,213367
Lawrence Technological University,MI,170675
Life University,GA,140252
Lipscomb University,TN,219976
Loyola Marymount University,CA,117946
Massachusetts College of Liberal Arts,MA,167288
Massachusetts Maritime Academy,MA,166692
Mercer University,GA,140447
Miami University-Oxford,OH,204024
Middle Georgia State University,GA,482158
Misericordia University,PA,214069
Missouri University of Science and Technology,MO,178411
Molloy College,NY,193292
Monmouth University,NJ,18557201
New Jersey Institute of Technology,NJ,185828
North Carolina Central University,NC,199157
North Carolina Wesleyan University,NC,199209
Northwestern University,IL,147767
Oakland University,MI,171571
Oral Roberts University,OK,207582
Pennsylvania State University-Main Campus,PA,214777
Pennsylvania State University-Penn State Abington,PA,214801
Pennsylvania State University-Penn State Altoona,PA,214689
Pennsylvania State University-Penn State Beaver,PA,214698
Pennsylvania State University-Penn State Berks,PA,214704
Pennsylvania State University-Penn State Brandywine,PA,214731
Pennsylvania State University-Penn State DuBois,PA,214740
Pennsylvania State University-Penn State Erie-Behrend College,PA,214591
Pennsylvania State University-Penn State Fayette- Eberly,PA,214759
Pennsylvania State University-Penn State Greater Allegheny,PA,214786
Pennsylvania State University-Penn State Harrisburg,PA,214713
Pennsylvania State University-Penn State Hazleton,PA,214768
Pennsylvania State University-Penn State Lehigh Valley,PA,214670
Pennsylvania State University-Penn State Mont Alto,PA,214795
Pennsylvania State University-Penn State New Kensington,PA,214625
Pennsylvania State University-Penn State Schuylkill,PA,214810
Pennsylvania State University-Penn State Shenango,PA,214634
Pennsylvania State University-Penn State York,PA,214829
Pitzer College,CA,121257
Princeton University,NJ,186131
Reed College,OR,209922
Rensselaer Polytechnic Institute,NY,194824
Rogers State University,OK,207661
Rose-Hulman Institute of Technology,IN,152318
Rutgers University-Camden,NJ,186371
Rutgers University-New Brunswick,NJ,186380
Saint Norbert College,WI,239716
Santa Clara University,CA,122931
Savannah State University,GA,140960
South Georgia State College,GA,482699
Spelman College,GA,141060
Stanford University,CA,243744
Stephens College,MO,179548
Stonehill College,MA,167996
SUNY at Albany,NY,196060
SUNY College of Agriculture and Technology at Cobleskill,NY,196033
SUNY College of Technology at Canton,NY,196015
SUNY Maritime College,NY,196291
Swarthmore College,PA,216287
Syracuse University,NY,196413
Texas Christian University,TX,228875
Texas Southern University,TX,229063
Texas Tech University,TX,229115
The Cooper Union for the Advancement of Science and Art,NY,190372
The University of Alabama,AL,100751
The University of Texas Rio Grande Valley,TX,227368
Truett McConnell University,GA,141237
Tulane University of Louisiana,LA,160755
University of Alabama at Birmingham,AL,100663
University of Alaska Fairbanks,AK,102614
University of Cincinnati-Main Campus,OH,201885
University of Houston-Clear Lake,TX,225414
University of Houston-Downtown,TX,225432
University of Houston-Victoria,TX,225502
University of Maryland-College Park,MD,163286
University of Minnesota-Morris,MN,174251
University of Minnesota-Rochester,MN,456959
University of Minnesota-Twin Cities,MN,174066
University of Mississippi,MS,176017
University of Missouri-Columbia,MO,178396
University of Missouri-St Louis,MO,178420
University of North Carolina at Asheville,NC,199111
University of North Carolina at Chapel Hill,NC,199120
University of North Carolina at Charlotte,NC,199139
University of North Carolina at Greensboro,NC,199148
University of North Carolina at Pembroke,NC,199281
University of North Carolina School of the Arts,NC,199184
University of North Georgia,GA,482680
University of Notre Dame,IN,152080
University of Oklahoma-Norman Campus,OK,207500
University of Pennsylvania,PA,215062
University of Pittsburgh-Bradford,PA,215266
University of Pittsburgh-Greensburg,PA,215275
University of Pittsburgh-Johnstown,PA,215284
University of Pittsburgh-Pittsburgh Campus,PA,215293
University of Rhode Island,RI,217484
University of Richmond,VA,233374
University of Virginia-Main Campus,VA,234076
University of West Georgia,GA,141334
University of Wyoming,WY,240727
Valdosta State University,GA,141264
Valparaiso University,IN,152600
Virginia Military Institute,VA,234085
Washington and Lee University,VA,234207
Wellesley College,MA,168218
Western Carolina University,NC,200004
Williams College,MA,168342
Brigham Young University,UT,230038
College of Staten Island CUNY,NY,190558
CUNY Bernard M Baruch College,NY,190512
CUNY Brooklyn College,NY,190549
CUNY City College,NY,190567
CUNY Graduate School and University Center,NY,190576
CUNY Hunter College,NY,190594
CUNY John Jay College of Criminal Justice,NY,190600
CUNY Lehman College,NY,190637
CUNY Medgar Evers College,NY,190646
CUNY Queens College,NY,190664
Franklin W Olin College of Engineering,MA,441982
Grinnell College,IA,153384
Johns Hopkins University,MD,162928
Middlebury College,VT,230959
Northeastern University,MA,167358
Oberlin College,OH,204501
Seton Hall University,NJ,186584
Stevens Institute of Technology,NJ,186867
The College of New Jersey,NJ,187134
Trinity University,TX,229267
Tufts University,MA,168148
University of Central Arkansas,AR,106704
University of Connecticut-Avery Point,CT,436827
University of Connecticut-Hartford Campus,CT,463056
University of Connecticut-Stamford,CT,436836
University of Connecticut-Waterbury Campus,CT,436818
University of Michigan-Dearborn,MI,171137
University of Wisconsin - Madison,WI,240444
University of Wisconsin-Eau Claire,WI,240268
University of Wisconsin-Green Bay,WI,240277
University of Wisconsin-La Crosse,WI,240329
University of Wisconsin-Milwaukee,WI,240453
University of Wisconsin-Oshkosh,WI,240365
University of Wisconsin-Parkside,WI,240374
University of Wisconsin-River Falls,WI,240471
University of Wisconsin-Stevens Point,WI,240480
University of Wisconsin-Stout,WI,240417
University of Wisconsin-Superior,WI,240426
University of Wisconsin-Whitewater,WI,240189
Villanova University,PA,216597
Colgate University,NY,190099
Vanderbilt University,TN,221999
Adelphi University,NY,188429
Lafayette College,PA,213385
Worcester Polytechnic Institute,MA,168421
