Institution Name,State
Syracuse University,NY
Catawba College,NC
Miller-Motte College-Wilmington,NC
Emerson College,MA
Northeastern State University,OK
Indiana Institute of Technology,IN
Skyline College,CA
Bridgewater College,VA
University of North Carolina at Pembroke,NC
Beth Medrash Govoha,NJ
Wake Forest University,NC
University of Arkansas,AR
Rutgers University-Newark,NJ
Rice University,TX
University of Southern California,CA
University of Idaho,ID
University of Nevada-Reno,NV
Milwaukee School of Engineering,WI
St. Francis College,NY
Veritas Baptist College,--
Texas Wesleyan University,TX
Eastern University,PA
Rollins College,FL
Beacon College,FL
Amridge University,--
Berkeley College-New York,NY
SUNY College of Technology at Alfred,NY
Remington College-North Houston Campus,TX
Yeshiva Karlin Stolin,NY
Yeshiva Bais Aharon,NJ
Landmark College,VT
Pacific College of Health and Science,CA
Rogers State University,OK
Rasmussen University-Wisconsin,WI
California State University-Dominguez Hills,CA
The University of Texas at El Paso,TX
Western Michigan University,MI
Helene Fuld College of Nursing,NY
Eastern International College-Jersey City,NJ
West Coast University-Miami,FL
Shippensburg University of Pennsylvania,PA
Lasell University,MA
Utica University,NY
Bentley University,MA
Drury University,MO
California State University-East Bay,CA
Pennsylvania State University-Penn State Beaver,PA
University of Northwestern-St Paul,MN
New Mexico State University-Main Campus,NM
Binghamton University,NY
Charter College,WA
Indiana Institute of Technology-College of Professional Studies,IN
Bridgewater State University,MA
Inter American University of Puerto Rico-San German,PR
University of Missouri-St Louis,MO
Union College,KY
University of California-San Diego,CA
City Vision University,--
University of Alaska Southeast,AK
Colby-Sawyer College,NH
Vermont Technical College,VT
University of Maine at Presque Isle,ME
Metropolitan State University of Denver,CO
Lac Courte Oreilles Ojibwe University,WI
Monmouth College,IL
California College of the Arts,CA
Yeshivah Gedolah Rabbinical College,FL
Charter Oak State College,CT
California Aeronautical University,CA
Purdue University Global,IN
University of South Dakota,SD
Marymount Manhattan College,NY
Miller-Motte College,--
University of Holy Cross,LA
Gwynedd Mercy University,PA
Nueta Hidatsa Sahnish College,ND
Ner Israel Rabbinical College,MD
Pitzer College,CA
Valencia College,FL
Duke University,NC
Life University,GA
Cleveland University-Kansas City,KS
Strayer University-Florida,FL
Alverno College,WI
Texas Lutheran University,TX
University of St Francis,IL
Simpson University,CA
Ottawa University-Surprise,AZ
Universidad Ana G. Mendez-Cupey Campus,PR
Marywood University,PA
Marymount University,VA
Elizabeth City State University,NC
Bellingham Technical College,WA
Biola University,CA
Pennsylvania State University-Penn State Mont Alto,PA
Pennsylvania State University-Penn State Erie-Behrend College,PA
Barton College,NC
Oakwood University,AL
Olivet Nazarene University,IL
Siena Heights University,MI
American InterContinental University-Atlanta,GA
Saint Joseph's University,PA
Augustana University,SD
Cornish College of the Arts,WA
University of Southern Indiana,IN
Miami University-Hamilton,OH
Jacksonville State University,AL
University of Colorado Denver/Anschutz Medical Campus,CO
Georgian Court University,NJ
California State University-Northridge,CA
University of Hawaii Maui College,HI
Hollins University,VA
Lesley University,MA
University of New Hampshire-Main Campus,NH
Fitchburg State University,MA
University of Phoenix-Hawaii,HI
University of Michigan-Flint,MI
East-West University,IL
Northwest College of Art & Design,WA
Bradley University,IL
Rabbinical Academy Mesivta Rabbi Chaim Berlin,NY
Missouri University of Science and Technology,MO
Martin University,IN
Chamberlain University-Texas,TX
Herzing University-New Orleans,LA
Southwest University at El Paso,TX
DigiPen Institute of Technology,WA
Institute of American Indian and Alaska Native Culture and Arts Development,NM
Maine Maritime Academy,ME
Albany State University,GA
Plaza College,NY
St. Andrews University,NC
Charles R Drew University of Medicine and Science,CA
Muskingum University,OH
Menlo College,CA
Princeton University,NJ
Granite State College,NH
Luther Rice College & Seminary,GA
Ranken Technical College,MO
Greenville University,IL
St Petersburg College,FL
Oklahoma State University-Oklahoma City,OK
Post University,CT
University of Colorado Colorado Springs,CO
Bemidji State University,MN
West Virginia Wesleyan College,WV
Laguna College of Art and Design,CA
Gulf Coast State College,FL
Rabbinical Seminary of America,NY
Salem State University,MA
Morgan State University,MD
Manhattan Christian College,KS
Michigan Technological University,MI
Moravian University,PA
Great Basin College,NV
Hartwick College,NY
California Northstate University,CA
Pennsylvania State University-Penn State Lehigh Valley,PA
Keuka College,NY
Milwaukee Institute of Art & Design,WI
University of Scranton,PA
North Central College,IL
Delaware Valley University,PA
Santa Monica College,CA
Polk State College,FL
University of Guam,GU
Potomac State College of West Virginia University,WV
Northwest Nazarene University,ID
University of Puerto Rico-Aguadilla,PR
Fairfield University,CT
Wright State University-Main Campus,OH
Indiana University-Purdue University-Indianapolis,IN
Strayer University-Georgia,GA
Herzing University-Orlando,FL
Christopher Newport University,VA
Northern New Mexico College,NM
Whittier College,CA
University of Bridgeport,CT
Allegheny College,PA
Chamberlain University-Florida,FL
Alabama State University,AL
Heritage Bible College,NC
American National University,VA
Northwestern College,IA
Saint Anthony College of Nursing,IL
Herzing University-Akron,OH
University of Alaska Fairbanks,AK
Bay Path University,MA
California State University-Channel Islands,CA
University of Puerto Rico-Arecibo,PR
CUNY Bernard M Baruch College,NY
California State University-Fullerton,CA
University of Denver,CO
Central Connecticut State University,CT
American International College,MA
Doane University,NE
Trinity Baptist College,FL
Rose-Hulman Institute of Technology,IN
Saint Elizabeth University,NJ
Wisconsin Lutheran College,WI
Virginia State University,VA
Texas Woman's University,TX
University of Management and Technology,VA
Bethel College-North Newton,KS
Cleary University,MI
Dalton State College,GA
Central Wyoming College,WY
Coastal Carolina University,SC
Valparaiso University,IN
California State Polytechnic University-Humboldt,CA
Indiana Wesleyan University-Marion,IN
CUNY New York City College of Technology,NY
Colorado Mountain College,CO
CEM College-Mayaguez,PR
North Carolina State University at Raleigh,NC
Webb Institute,NY
Scripps College,CA
San Francisco State University,CA
Fort Valley State University,GA
Waldorf University,IA
San Ignacio University,FL
Shaw University,NC
John Brown University,AR
Embry-Riddle Aeronautical University-Daytona Beach,FL
University of Wisconsin-Stout,WI
Shorter University,GA
Appalachian Bible College,WV
Appalachian State University,NC
Blackburn College,IL
Kent State University at East Liverpool,OH
McMurry University,TX
Franciscan University of Steubenville,OH
Pacific Bible College,OR
Rasmussen University-Illinois,IL
PCI College,CA
College of the Atlantic,ME
Lone Star College System,TX
Strayer University-Mississippi,MS
California State University-Bakersfield,CA
Otterbein University,OH
Coe College,IA
American University,DC
Wayne State College,NE
Trinity Christian College,IL
Texas A & M International University,TX
SUNY College of Technology at Delhi,NY
The Creative Center,NE
Bryan University,AZ
Oregon Institute of Technology,OR
Rabbinical College Beth Shraga,NY
Bellin College,WI
California Polytechnic State University-San Luis Obispo,CA
Austin College,TX
Sacred Heart University,CT
DeVry University-Pennsylvania,PA
John Patrick University of Health and Applied Sciences,IN
Washington State University Spokane,WA
Clarke University,IA
Escuela de Artes Plasticas de Puerto Rico,PR
Mississippi University for Women,MS
University of Maine,ME
Rabbinical College of America,NJ
Nebraska Methodist College of Nursing & Allied Health,NE
Skidmore College,NY
Community College of Denver,CO
Georgia Southern University,GA
University of San Francisco,CA
SUNY College at Geneseo,NY
Savannah College of Art and Design,GA
Western Kentucky University,KY
University of Cincinnati-Main Campus,OH
Southern Nazarene University,OK
Jackson College,MI
Haverford College,PA
Malone University,OH
University of Maryland Global Campus,MD
University of Wisconsin-Milwaukee,WI
Southwestern Assemblies of God University,TX
Alpena Community College,MI
University of California-Los Angeles,CA
Emory University,GA
The Christ College of Nursing and Health Sciences,OH
Mesivta Torah Vodaath Rabbinical Seminary,NY
Northern Vermont University,VT
Zane State College,OH
Felician University,NJ
Dewey University-Juana Díaz,PR
Washington State University Tri-Cities,WA
Fairmont State University,WV
Centura College-Chesapeake,VA
Columbia Basin College,WA
Concord University,WV
Winthrop University,SC
Central Yeshiva Tomchei Tmimim Lubavitz,NY
Lindenwood University,MO
University of Puerto Rico-Ponce,PR
University of Wisconsin-Parkside,WI
Gurnick Academy of Medical Arts,CA
Regent University,VA
University of Alaska Anchorage,AK
Broward College,FL
Fairleigh Dickinson University-Florham Campus,NJ
University of Silicon Valley,CA
Bowling Green State University-Firelands,OH
Yeshivath Beth Moshe,PA
Neumann University,PA
Robert Morris University,PA
Northcentral University,--
Cleveland Institute of Art,OH
Kent State University at Ashtabula,OH
Murray State University,KY
AdventHealth University,FL
Elmhurst University,IL
Remington College-Dallas Campus,TX
Cedarville University,OH
Virginia Wesleyan University,VA
Fordham University,NY
Smith College,MA
Valdosta State University,GA
Barnard College,NY
Bloomfield College,NJ
Missouri Valley College,MO
Alice Lloyd College,KY
University of Kentucky,KY
University of Pennsylvania,PA
Los Angeles College of Music,CA
Embry-Riddle Aeronautical University-Worldwide,FL
Wilkes University,PA
Seattle Pacific University,WA
Pacific College of Health and Science,NY
Southern Connecticut State University,CT
United Tribes Technical College,ND
Skagit Valley College,WA
Southeastern College-West Palm Beach,FL
Galen College of Nursing-San Antonio,TX
New Mexico Highlands University,NM
Grand Valley State University,MI
Peru State College,NE
North Florida College,FL
Longwood University,VA
The University of Texas Permian Basin,TX
University of Phoenix-Nevada,NV
Purdue University Northwest,IN
West Texas A & M University,TX
Zaytuna College,CA
Welch College,TN
University of Connecticut-Stamford,CT
Strayer University-Maryland,MD
California Baptist University,CA
Southeastern Oklahoma State University,OK
Berkeley College-Woodland Park,NJ
Logan University,MO
Broadview College,UT
Lynn University,FL
Washington State University Vancouver,WA
Parker University,TX
University of Indianapolis,IN
Presbyterian College,SC
University of Vermont,VT
Northland College,WI
Nichols College,MA
Sullivan University,KY
University of Missouri-Columbia,MO
Miami Regional University,FL
California State University-Stanislaus,CA
Thomas College,ME
Carnegie Mellon University,PA
Pennsylvania State University-Penn State New Kensington,PA
University of Arkansas at Little Rock,AR
Daytona State College,FL
Pacific Rim Christian University,HI
Minot State University,ND
Seton Hill University,PA
John Carroll University,OH
California Lutheran University,CA
American Public University System,--
Tusculum University,TN
Donnelly College,KS
Greenville Technical College,SC
Bard College at Simon's Rock,MA
University of Northern Iowa,IA
The College of Wooster,OH
Wabash College,IN
West Los Angeles College,CA
University of Louisiana at Monroe,LA
Towson University,MD
South University-Virginia Beach,VA
Rocky Mountain College of Art and Design,CO
Johnson & Wales University-Charlotte,NC
University of Northern Colorado,CO
Saint Vincent College,PA
Bergin Universiy,CA
Pennsylvania State University-Penn State Abington,PA
Mercer University,GA
Goodwin University,CT
Columbia Southern University,AL
University of Illinois Springfield,IL
Westminster College,MO
Massachusetts College of Art and Design,MA
Coppin State University,MD
Southwest Minnesota State University,MN
Alaska Pacific University,AK
Texas A & M University-Commerce,TX
National American University-Ellsworth,SD
Rasmussen University-Florida,FL
Ferrum College,VA
SUNY Cortland,NY
Andrews University,MI
Grays Harbor College,WA
Peirce College,PA
Texas Tech University,TX
University of Central Oklahoma,OK
University of the Incarnate Word,TX
University of Mary Washington,VA
Hesston College,KS
University of Northwestern Ohio,OH
Caldwell University,NJ
Simmons College of Kentucky,KY
Swarthmore College,PA
Middle Georgia State University,GA
Anna Maria College,MA
Norwich University,VT
Woodbury University,CA
University of California-Irvine,CA
New Jersey Institute of Technology,NJ
Northeastern Illinois University,IL
Rutgers University-New Brunswick,NJ
Talmudical Seminary Oholei Torah,NY
The Modern College of Design,OH
Seminole State College of Florida,FL
University of Washington-Bothell Campus,WA
Olivet College,MI
Limestone University,SC
Thomas More College of Liberal Arts,NH
Saint Xavier University,IL
University of North Carolina School of the Arts,NC
Greensboro College,NC
Bay Mills Community College,MI
Eastern Illinois University,IL
Lipscomb University,TN
Sweet Briar College,VA
New York College of Health Professions,NY
Unity College,ME
Capital University,OH
Regis University,CO
Gnomon,CA
Indiana University-Southeast,IN
Augustana College,IL
University of the Pacific,CA
University of North Carolina at Charlotte,NC
Minerva University,CA
Solano Community College,CA
Bryant & Stratton College-Parma,OH
Midland University,NE
Remington College-Shreveport Campus,LA
Cameron University,OK
Beckfield College-Florence,KY
New England College,NH
Ensign College,UT
Platt College-Aurora,CO
DeVry University-Georgia,GA
Saint Cloud State University,MN
Ohio University-Eastern Campus,OH
Lorain County Community College,OH
Carroll University,WI
University of Nevada-Las Vegas,NV
Huntington University of Health Sciences,--
Frostburg State University,MD
Walden University,--
Huntingdon College,AL
Miami University-Oxford,OH
North Dakota State University-Main Campus,ND
Christian Brothers University,TN
University of San Diego,CA
Modesto Junior College,CA
Georgia Highlands College,GA
Warren Wilson College,NC
State University of New York at Oswego,NY
SUNY at Fredonia,NY
CUNY Brooklyn College,NY
Western Carolina University,NC
Oklahoma Wesleyan University,OK
Laramie County Community College,WY
Indiana University of Pennsylvania-Main Campus,PA
DeVry University-Florida,FL
Paier College,CT
University of Arkansas-Fort Smith,AR
Case Western Reserve University,OH
Westmont College,CA
College for Creative Studies,MI
Alma College,MI
Southeastern University,FL
Occidental College,CA
Morningside University,IA
Wichita State University,KS
Schiller International University,FL
Colorado Mesa University,CO
The New School,NY
Northwestern Oklahoma State University,OK
University of Pittsburgh-Pittsburgh Campus,PA
North Greenville University,SC
Southern Oregon University,OR
University of California-Santa Cruz,CA
University of Wyoming,WY
Colorado Technical University-Colorado Springs,CO
Ohio University-Southern Campus,OH
National Louis University,IL
Yeshiva of Nitra Rabbinical College,NY
University of Lynchburg,VA
Elim Bible Institute and College,NY
Southwest Baptist University,MO
Dewey University-Carolina,PR
United International College,FL
University of Mount Union,OH
Montana State University Billings,MT
University of Cincinnati-Blue Ash College,OH
Columbia College Hollywood,CA
Dine College,AZ
Tulane University of Louisiana,LA
State University of New York at New Paltz,NY
Ohio State University-Marion Campus,OH
Our Lady of the Lake University,TX
Mesivta of Eastern Parkway-Yeshiva Zichron Meilech,NY
The Catholic University of America,DC
Ashland University,OH
Husson University,ME
University of Sioux Falls,SD
Empire State University,NY
Inter American University of Puerto Rico-Barranquitas,PR
National American University-Georgetown,TX
University of the Cumberlands,KY
George Fox University,OR
Southern Virginia University,VA
Full Sail University,FL
Amherst College,MA
Wheeling University,WV
Nebraska Wesleyan University,NE
New York Institute of Technology,NY
Pennsylvania Institute of Technology,PA
Lyon College,AR
Prescott College,AZ
Bakersfield College,CA
Seattle University,WA
Northwest University-Center for Online and Extended Education,WA
California University of Management and Sciences,CA
University of North Carolina at Asheville,NC
Lake Forest College,IL
Northern Marianas College,MP
Academy of Art University,CA
Trinidad State College,CO
Hult International Business School,MA
Sonoma State University,CA
William Jewell College,MO
West Virginia State University,WV
Clark College,WA
North Central State College,OH
Mount Aloysius College,PA
Central Ohio Technical College,OH
Kansas Christian College,KS
Johnson & Wales University-Providence,RI
Franciscan Missionaries of Our Lady University,LA
Ohio University-Lancaster Campus,OH
Laurus College,CA
Valley College-Martinsburg,WV
Knox College,IL
University of Mississippi,MS
Trinity International University-Illinois,IL
Universidad Ana G. Mendez–Carolina campus,PR
Cypress College,CA
University of Science and Arts of Oklahoma,OK
Augsburg University,MN
North Carolina Wesleyan University,NC
Shorter College,AK
Learnet Academy Inc,CA
Inter American University of Puerto Rico-Bayamon,PR
Endicott College,MA
Bryant & Stratton College-Albany,NY
Columbus State University,GA
Rabbinical College of Long Island,NY
College of Mount Saint Vincent,NY
Eagle Gate College-Layton,UT
Sarah Lawrence College,NY
Five Towns College,NY
Jose Maria Vargas University,FL
Montreat College,NC
Monmouth University,NJ
Salisbury University,MD
Texas State University,TX
Wheaton College,IL
Rust College,MS
City College-Gainesville,FL
St. Joseph's University-Long Island,NY
Pillar College,NJ
Vincennes University,IN
Anderson University,IN
Longy School of Music of Bard College,MA
University of Kansas,KS
University of Mount Olive,NC
University of Rio Grande,OH
Central Penn College,PA
Baptist Bible College,MO
Grand View University,IA
Angelo State University,TX
Piedmont University,GA
Nicholls State University,LA
Rockhurst University,MO
University of Southern Maine,ME
Methodist University,NC
Massachusetts Maritime Academy,MA
University of Puerto Rico-Cayey,PR
Thomas University,GA
CUNY Lehman College,NY
Texas A & M University-Kingsville,TX
Fayetteville State University,NC
Whitman College,WA
Caribbean University-Carolina,PR
Newman University,KS
Charlotte Christian College and Theological Seminary,NC
Manna University,NC
Atlantis University,FL
Yeshivath Zichron Moshe,NY
Concordia University Texas,TX
Le Moyne College,NY
Carlow University,PA
Haskell Indian Nations University,KS
University of Connecticut-Hartford Campus,CT
Utah Valley University,UT
Pennsylvania State University-Penn State Greater Allegheny,PA
Keystone College,PA
Hampton University,VA
Colorado State University Pueblo,CO
University of Puerto Rico-Bayamon,PR
Abilene Christian University,TX
Centenary College of Louisiana,LA
University of Toledo,OH
The Master's University and Seminary,CA
California Christian College,CA
North Carolina A & T State University,NC
Juniata College,PA
South Carolina State University,SC
University of Evansville,IN
University of Puerto Rico-Utuado,PR
Dallas College,TX
Lewis-Clark State College,ID
California State University-Chico,CA
University of North Carolina at Chapel Hill,NC
Hardin-Simmons University,TX
Ohio State University-Lima Campus,OH
California State University Maritime Academy,CA
Rensselaer Polytechnic Institute,NY
Salve Regina University,RI
Kentucky Wesleyan College,KY
Kenyon College,OH
Ohio State University-Newark Campus,OH
Felbry College,OH
Oklahoma State University Institute of Technology,OK
Baylor University,TX
University of Minnesota-Rochester,MN
Washington University in St Louis,MO
New York University,NY
The University of Texas at Arlington,TX
Strayer University-New Jersey,NJ
"Skyline College

",--
Herzing University-Birmingham,AL
Ringling College of Art and Design,FL
Wilmington University,DE
Beulah Heights University,GA
Western New England University,MA
Feather River Community College District,CA
Antigua College International,FL
"Houston Christian University
",TX
Oberlin College,OH
Western Connecticut State University,CT
Selma University,AL
The Cooper Union for the Advancement of Science and Art,NY
DeVry University-Texas,TX
Southern Utah University,UT
Kennesaw State University,GA
Sul Ross State University,TX
Herzing University-Tampa,FL
University of North Dakota,ND
Oregon State University-Cascades Campus,OR
Yeshiva University,NY
Delaware State University,DE
California State University-Monterey Bay,CA
Walnut Hill College,PA
Washington State University Everett,WA
York University,NE
Pasco-Hernando State College,FL
Angeles College,CA
Florida Southern College,FL
Chamberlain University-Georgia,GA
SAE Institute of Technology-Nashville,TN
Goshen College,IN
Franklin College,IN
California State University-Long Beach,CA
Living Arts College,NC
University of Wisconsin-Superior,WI
Bethany Lutheran College,MN
Goldey-Beacom College,DE
Willamette University,OR
Inter American University of Puerto Rico-Ponce,PR
University of Miami,FL
College of the Holy Cross,MA
Mount Mary University,WI
Manchester University,IN
Pennsylvania State University-Penn State Scranton,PA
Dickinson College,PA
University of Michigan-Ann Arbor,MI
Tarleton State University,TX
Bethel University,MN
Saint Louis University,MO
Capitol Technology University,MD
Baptist University of the Americas,TX
Northwest University,WA
Kentucky State University,KY
Millikin University,IL
Cornell University,NY
University of Connecticut,CT
Ursinus College,PA
University of Chicago,IL
Southern Adventist University,TN
Renton Technical College,WA
Remington College-Memphis Campus,TN
Wesleyan College,GA
Austin Peay State University,TN
University of Nebraska at Kearney,NE
Pennsylvania State University-Penn State Wilkes-Barre,PA
Brazosport College,TX
Mount Carmel College of Nursing,OH
Bloomsburg University of Pennsylvania,PA
Ana G. Mendez University,FL
Trine University-Regional/Non-Traditional Campuses,IN
University of California-Davis,CA
Bryant & Stratton College-Syracuse North,NY
Century College,MN
Cascadia College,WA
St. John's College,MD
Southern Methodist University,TX
Voorhees University,SC
Villa Maria College,NY
Oglala Lakota College,SD
Missouri State University-Springfield,MO
New Jersey City University,NJ
Mitchell College,CT
University of Wisconsin-La Crosse,WI
University of Puerto Rico-Humacao,PR
Ohio Dominican University,OH
Front Range Community College,CO
International Baptist College and Seminary,AZ
Concordia University-Wisconsin,WI
Miami Dade College,FL
American Samoa Community College,AS
Rochester Christian University,MI
Central Washington University,WA
Bushnell University,OR
University of Notre Dame,IN
The New England Conservatory of Music,MA
Manhattan School of Music,NY
Mercyhurst University,PA
Sisseton Wahpeton College,SD
Flagler College,FL
Montana State University,MT
Sam Houston State University,TX
California State University-Fresno,CA
University of Alabama at Birmingham,AL
Miles College,AL
Dakota Wesleyan University,SD
Hiram College,OH
Maryville University of Saint Louis,MO
University of Jamestown,ND
The University of Montana,MT
CEM College-Bayamon,PR
Saint Joseph's College of Maine,ME
St. John's University-New York,NY
Albertus Magnus College,CT
Pennsylvania State University-Penn State Berks,PA
University of North Alabama,AL
Fairfax University of America,VA
Vassar College,NY
The University of Montana-Western,MT
Turtle Mountain Community College,ND
Yeshiva D'monsey Rabbinical College,NY
University of St Thomas,TX
Grace Christian University,MI
South Dakota State University,SD
West Coast University-Dallas,TX
Inter American University of Puerto Rico-Fajardo,PR
Newschool of Architecture and Design,CA
University of Portland,OR
Huertas College,PR
Suffolk University,MA
Rosemont College,PA
Mississippi Valley State University,MS
Bard College,NY
Lenoir-Rhyne University,NC
Lawrence Technological University,MI
University of Missouri-Kansas City,MO
Lake-Sumter State College,FL
Wright State University-Lake Campus,OH
Bryant University,RI
Maine College of Art & Design,ME
University of Virginia-Main Campus,VA
Saint Francis University,PA
Chamberlain University-North Carolina,NC
Conservatory of Music of Puerto Rico,PR
Pennsylvania State University-Penn State Shenango,PA
University of Maine at Augusta,ME
Hobart William Smith Colleges,NY
William Paterson University of New Jersey,NJ
University of St Thomas,MN
National American University,--
The Juilliard School,NY
New Orleans Baptist Theological Seminary,LA
Marian University,WI
Albion College,MI
Clark University,MA
Butler University,IN
Spartanburg Methodist College,SC
Holy Cross College,IN
LIM College,NY
Bucknell University,PA
University of Puerto Rico-Rio Piedras,PR
University of the Ozarks,AR
Southern Illinois University-Edwardsville,IL
Ithaca College,NY
CUNY York College,NY
Johns Hopkins University,MD
Henderson State University,AR
Fort Lewis College,CO
University of New Orleans,LA
Texas Southern University,TX
Chamberlain University-Missouri,MO
Adams State University,CO
Fort Hays State University,KS
Rockford University,IL
Peninsula College,WA
Savannah State University,GA
Saint Edward's University,TX
Colorado State University-Fort Collins,CO
University of Dubuque,IA
Warner University,FL
Northwestern University,IL
Bluefield State University,WV
Indiana University-East,IN
Nazarene Bible College,KY
Averett University-Non-Traditional Programs,VA
Bellevue University,NE
Santa Clara University,CA
Hamline University,MN
Reinhardt University,GA
Augusta University,GA
University of Wisconsin-Stevens Point,WI
Vaughn College of Aeronautics and Technology,NY
Henry Ford College,MI
University of Wisconsin-River Falls,WI
St Bonaventure University,NY
SAE Expression College,CA
Arizona Christian University,AZ
Pennsylvania State University-Penn State Hazleton,PA
Messenger College,TX
Holy Family University,PA
Belmont Abbey College,NC
Jackson State University,MS
The College of Idaho,ID
Concordia University Ann Arbor,MI
San Diego Global Knowledge University,CA
The College of New Jersey,NJ
University of Dayton,OH
Mount Marty University,SD
University of Rochester,NY
DePauw University,IN
Centura College-Virginia Beach,VA
Defiance College,OH
Academy College,MN
South University-Montgomery,AL
Wiley College,TX
Gordon State College,GA
University of Houston-Clear Lake,TX
Evangel University,MO
East Georgia State College,GA
Amberton University,TX
University of California-Santa Barbara,CA
American Business and Technology University,MO
Rhode Island School of Design,RI
Tennessee Wesleyan University,TN
CUNY Medgar Evers College,NY
Washington and Lee University,VA
SUNY Polytechnic Institute,NY
College of Southern Nevada,NV
Foothill College,CA
University of Pittsburgh-Greensburg,PA
Centre College,KY
Gettysburg College,PA
Chicago State University,IL
Western Colorado University,CO
Clarkson College,NE
Stanford University,CA
Southeast Missouri State University,MO
Westfield State University,MA
Brigham Young University-Idaho,ID
Meredith College,NC
Old Dominion University,VA
La Sierra University,CA
University of California-Merced,CA
University of North Carolina Wilmington,NC
Truckee Meadows Community College,NV
Pensacola State College,FL
Emmanuel College,MA
University of Tulsa,OK
Manhattanville College,NY
Oklahoma Baptist University,OK
Kent State University at Kent,OH
Mesivtha Tifereth Jerusalem of America,NY
Rider University,NJ
American InterContinental University,--
Torah Temimah Talmudical Seminary,NY
Huntsville Bible College,AL
Montana State University-Northern,MT
The University of the South,TN
San Diego Mesa College,CA
Maryland Institute College of Art,MD
Converse University,SC
Asbury University,KY
University of Massachusetts Global,CA
McPherson College,KS
DeVry University-Ohio,OH
Spring Hill College,AL
Bellarmine University,KY
Dallas Christian College,TX
Sinclair Community College,OH
University of Wisconsin-Green Bay,WI
Jarvis Christian University,TX
Muhlenberg College,PA
University of Wisconsin - Madison,WI
Worcester State University,MA
CUNY Queens College,NY
University of Iowa,IA
Valor Christian College,OH
SUNY College at Potsdam,NY
Millsaps College,MS
Curtis Institute of Music,PA
Roosevelt University,IL
Nazareth College,NY
Pacific College,CA
Pacific States University,CA
University of Puget Sound,WA
Chamberlain University-Illinois,IL
University of Pittsburgh-Bradford,PA
University of Houston-Victoria,TX
Bowdoin College,ME
Virginia Commonwealth University,VA
Metropolitan College of New York,NY
Pennsylvania College of Art and Design,PA
University of Saint Francis-Fort Wayne,IN
Metropolitan State University,MN
Yeshiva Ohr Elchonon Chabad West Coast Talmudical Seminary,CA
Utah Tech University,UT
Southeastern Baptist Theological Seminary,NC
Liberty University,VA
Randolph-Macon College,VA
Southwestern University,TX
Tennessee Technological University,TN
University of Maryland-College Park,MD
Morehead State University,KY
Beis Medrash Heichal Dovid,NY
American Musical and Dramatic Academy,NY
Bryant & Stratton College-Buffalo,NY
Molloy College,NY
Strayer University-Tennessee,TN
Tiffin University,OH
Stevens Institute of Technology,NJ
Paine College,GA
Galen College of Nursing-Louisville,KY
Schoolcraft Community College District,MI
Bellevue College,WA
Lock Haven University,PA
Rhode Island College,RI
Strayer University-Texas,TX
Ohio State University-Main Campus,OH
Mount Mercy University,IA
University of North Texas,TX
Aviator College of Aeronautical Science and Technology,FL
Goucher College,MD
Simpson College,IA
Indiana University-Bloomington,IN
Carolina Christian College,NC
Hendrix College,AR
Lake Superior State University,MI
Yeshiva Toras Chaim,NJ
Pikes Peak State College,CO
Geneva College,PA
Prairie View A & M University,TX
Franklin Pierce University,NH
Claremont McKenna College,CA
Carthage College,WI
University of California-Berkeley,CA
Davis & Elkins College,WV
Salem College,NC
California University of Pennsylvania,PA
Strayer University-District of Columbia,DC
Southwestern Oklahoma State University,OK
College of Biblical Studies-Houston,TX
Salem University,WV
University of North Carolina at Greensboro,NC
Xavier University of Louisiana,LA
University of Hawaii-West Oahu,HI
Gonzaga University,WA
Hope College,MI
American Islamic College,IL
Herzing University-Minneapolis,MN
Edinboro University of Pennsylvania,PA
Thomas Jefferson University,PA
University of Hartford,CT
Pennsylvania State University-Main Campus,PA
Kehilath Yakov Rabbinical Seminary,NY
Notre Dame of Maryland University,MD
Wilberforce University,OH
Grace College and Theological Seminary,IN
Atlanta Metropolitan State College,GA
Saint Charles Borromeo Seminary-Overbrook,PA
Shepherd University,WV
Mars Hill University,NC
Belmont University,TN
Rocky Mountain College,MT
Chamberlain University-Nevada,NV
Florida Memorial University,FL
Vanderbilt University,TN
South Dakota School of Mines and Technology,SD
Youngstown State University,OH
Northwood University,MI
Hampshire College,MA
University of Massachusetts-Dartmouth,MA
Montclair State University,NJ
Oklahoma City University,OK
Adelphi University,NY
Bryant & Stratton College-Virginia Beach,VA
Virginia University of Lynchburg,VA
King University,TN
Santa Fe College,FL
San Francisco Conservatory of Music,CA
University of Montevallo,AL
Columbia University in the City of New York,NY
East Stroudsburg University of Pennsylvania,PA
Grace School of Theology,TX
Mirrer Yeshiva Cent Institute,NY
Buena Vista University,IA
Shenandoah University,VA
Oklahoma Christian University,OK
Clarkson University,NY
Touro University Worldwide,CA
Andrew College,GA
Carroll College,MT
Humphreys University-Stockton and Modesto Campuses,CA
University of Maine at Fort Kent,ME
North Seattle College,WA
Loras College,IA
Boston Architectural College,MA
University of New Mexico-Main Campus,NM
West Coast University-Orange County,CA
Charleston Southern University,SC
Ferris State University,MI
Canisius College,NY
Duquesne University,PA
Clayton  State University,GA
Rabbinical College Bobover Yeshiva Bnei Zion,NY
Antelope Valley Community College District,CA
Oral Roberts University,OK
California Jazz Conservatory,CA
Bethany College,WV
Gustavus Adolphus College,MN
York College of Pennsylvania,PA
Loyola University Maryland,MD
University of South Carolina Beaufort,SC
Ramapo College of New Jersey,NJ
University of Phoenix-Arizona,AZ
Heritage University,WA
Columbia Central University-Yauco,PR
South Georgia State College,GA
Rasmussen University-Kansas,KS
Seton Hall University,NJ
University of Detroit Mercy,MI
Eastern Mennonite University,VA
Platt College-Los Angeles,CA
Abraham Lincoln University,CA
School of the Art Institute of Chicago,IL
Talmudical Yeshiva of Philadelphia,PA
Davidson College,NC
Furman University,SC
University of Minnesota-Duluth,MN
Northern Kentucky University,KY
Inter American University of Puerto Rico-Arecibo,PR
Chestnut Hill College,PA
Upper Iowa University,IA
Strayer University-Alabama,AL
Drake University,IA
Thomas More University,KY
Strayer University-North Carolina,NC
Shasta College,CA
Simmons University,MA
University of Massachusetts-Lowell,MA
Northwest Florida State College,FL
The University of Texas Rio Grande Valley,TX
Bowie State University,MD
Quincy University,IL
San Diego State University,CA
SUNY College of Technology at Canton,NY
Union Bible College,IN
University of the People,--
California Institute of Arts & Technology,CA
San Francisco Bay University,CA
Apex School of Theology,NC
South Texas College,TX
University of the Virgin Islands-Albert A. Sheen,VI
California Miramar University,CA
Western Oregon University,OR
Platt College-Ontario,CA
Providence College,RI
Boise State University,ID
SUNY College at Plattsburgh,NY
Grove City College,PA
College of Biblical Studies,TX
Bryant & Stratton College-Wauwatosa,WI
Illinois Institute of Technology,IL
Brookline College-Tucson,AZ
University of South Carolina-Columbia,SC
Northwest College,WY
West Coast University-Ontario,CA
Lawrence University,WI
Westminster College,UT
Pennsylvania State University-Penn State Brandywine,PA
Latin American Bible Institute,CA
Columbia Central University,PR
Saint Anselm College,NH
Design Institute of San Diego,CA
Walla Walla University,WA
Reed College,OR
Kean University,NJ
Tuskegee University,AL
Oklahoma State University-Main Campus,OK
Universidad Ana G. Mendez-Gurabo Campus,PR
Webster University,MO
Inter American University of Puerto Rico-Metro,PR
Berea College,KY
Midland College,TX
Reach University,CA
University of Maryland Eastern Shore,MD
Albizu University-Miami,FL
California Institute of the Arts,CA
South College,TN
Emory & Henry College,VA
Centralia College,WA
CUNY John Jay College of Criminal Justice,NY
University of the Potomac-VA Campus,VA
University of Houston-Downtown,TX
University of California-Riverside,CA
Nightingale College,UT
Tallahassee Community College,FL
Aurora University,IL
Manhattan College,NY
California State University-San Marcos,CA
Criswell College,TX
Talmudical Academy-New Jersey,NJ
Mayville State University,ND
Lakeland University,WI
Southwestern Adventist University,TX
Dominican University New York,NY
Montana Technological University,MT
Roberts Wesleyan University,NY
Shawnee State University,OH
Lindsey Wilson College,KY
NUC University - Florida Technical College,FL
Barry University,FL
Widener University,PA
Rabbi Jacob Joseph School,NJ
Universidad Central de Bayamon,PR
High Point University,NC
Bryn Mawr College,PA
University of Massachusetts-Boston,MA
Fashion Institute of Technology,NY
Life Pacific University,CA
SUNY College of Environmental Science and Forestry,NY
Dillard University,LA
William Woods University,MO
The University of Texas at Tyler,TX
Benjamin Franklin Cummings Institute of Technology,MA
Linfield University,OR
Atlantis University-Florida Palms University,FL
Wheaton College (Massachusetts),MA
University of Puerto Rico-Carolina,PR
University of Providence,MT
American InterContinental University-Houston,TX
The University of Tampa,FL
Herzing University-Atlanta,GA
Ohio University-Main Campus,OH
Indiana University-Northwest,IN
Wayland Baptist University,TX
Loyola Marymount University,CA
King's College,PA
Ursuline College,OH
Shasta Bible College and Graduate School,CA
Castleton University,VT
Texas College,TX
Olympic College,WA
Stone Child College,MT
Pratt Institute-Main,NY
Paul Quinn College,TX
Arkansas Tech University,AR
Elon University,NC
North Carolina Central University,NC
Russell Sage College,NY
Bethesda University,CA
Hood College,MD
Western Wyoming Community College,WY
Keene State College,NH
Ohio Christian University,OH
Southwestern Christian College,TX
Trine University,IN
Eastern Kentucky University,KY
Clark State College,OH
Saint Leo University,FL
Dakota State University,SD
Southern States University,CA
Lubbock Christian University,TX
Naropa University,CO
St. Thomas University,FL
University of Delaware,DE
Albany College of Pharmacy and Health Sciences,NY
University of Houston,TX
Unitek College,CA
Mount Saint Joseph University,OH
University of Richmond,VA
Francis Marion University,SC
Young Harris College,GA
Kalamazoo College,MI
Weber State University,UT
SUNY College at Old Westbury,NY
College of Charleston,SC
Washington Adventist University,MD
Judson University,IL
Brookline College-Tempe,AZ
Glenville State University,WV
Florida State College at Jacksonville,FL
University of West Georgia,GA
Randolph College,VA
University of Nebraska at Omaha,NE
Trinity Washington University,DC
Chatham University,PA
Dominican University,IL
Machzikei Hadath Rabbinical College,NY
Siena College,NY
DeVry University-Virginia,VA
Golden Gate University,CA
Point Loma Nazarene University,CA
Vanguard University of Southern California,CA
Atlantic University College,PR
College of the Marshall Islands,MH
Farmingdale State College,NY
Minnesota State University Moorhead,MN
University at Buffalo,NY
Eastern International College-Belleville,NJ
Holy Apostles College and Seminary,CT
Orion Technical College,IA
Kettering University,MI
Queens University of Charlotte,NC
United States Sports Academy,--
University of Redlands,CA
Rasmussen University-Minnesota,MN
Bethel University,TN
Albright College,PA
St. Thomas Aquinas College,NY
University of Arkansas for Medical Sciences,AR
University of Central Arkansas,AR
Northeastern University,MA
Washburn University,KS
Pacific College of Health and Science,IL
Dunwoody College of Technology,MN
Lourdes University,OH
Aaniiih Nakoda College,MT
South University-West Palm Beach,FL
Tyler Junior College,TX
SUNY Buffalo State University,NY
Michigan State University,MI
Mid-America Christian University,OK
Caribbean University-Bayamon,PR
Governors State University,IL
University of Maine at Farmington,ME
Millennia Atlantic University,FL
Wilmington College,OH
West Coast University-Los Angeles,CA
Ohio Wesleyan University,OH
Idaho State University,ID
Western New Mexico University,NM
Remington College-Mobile Campus,AL
Aquinas College,MI
SUNY Maritime College,NY
Mississippi State University,MS
Stillman College,AL
St Lawrence University,NY
Bryant & Stratton College-Greece,NY
VanderCook College of Music,IL
Belhaven University,MS
College of Our Lady of the Elms,MA
Utah State University,UT
Saint Johns River State College,FL
Stanbridge University,CA
DeVry College of New York,NY
Illinois Wesleyan University,IL
Bryan College of Health Sciences,NE
Marquette University,WI
ECPI University,VA
Corban University,OR
Chamberlain University-Virginia,VA
American Baptist College,TN
East Carolina University,NC
Roger Williams University,RI
Winona State University,MN
La Salle University,PA
Pennsylvania Western University,PA
Principia College,IL
Friends University,KS
Mary Baldwin University,VA
University of South Carolina-Upstate,SC
SUM Bible College and Theological Seminary,CA
Galveston College,TX
Benedict College,SC
Louisiana State University-Alexandria,LA
Howard University,DC
University of Fort Lauderdale,FL
Mercy College of Ohio,OH
Horizon University,IN
Baptist Missionary Association Theological Seminary,TX
Bryan University,MO
South University-High Point,NC
California State University-Los Angeles,CA
Rabbinical Seminary Mkor Chaim,NJ
Gemini School of Visual Arts & Communication,TX
University of Valley Forge,PA
Saint Ambrose University,IA
Brevard College,NC
Florida Gateway College,FL
Colorado Christian University,CO
Hilbert College,NY
Eastern Florida State College,FL
Brenau University,GA
Lander University,SC
Chipola College,FL
National University,CA
University of Wisconsin-Whitewater,WI
Indiana Wesleyan University-National & Global,IN
University of Alabama in Huntsville,AL
University of Arkansas at Monticello,AR
Heritage Christian University,AL
McKendree University,IL
Georgia Gwinnett College,GA
Southern Illinois University-Carbondale,IL
Chadron State College,NE
Valley City State University,ND
Harrisburg University of Science and Technology,PA
Culver-Stockton College,MO
West Virginia University,WV
Southern University and A & M College,LA
The College of the Florida Keys,FL
Palm Beach Atlantic University,FL
University of Louisiana at Lafayette,LA
Arizona State University Campus Immersion,AZ
Stetson University,FL
Concordia University-Saint Paul,MN
Mansfield University of Pennsylvania,PA
Erskine College,SC
Bluefield University,VA
Maryville College,TN
Radford University-Carilion,VA
Brookline College-Phoenix,AZ
Chaminade University of Honolulu,HI
Trinity College,CT
Colorado College,CO
Eastern Oregon University,OR
Davenport University,MI
Pacific Lutheran University,WA
Weatherford College,TX
Chamberlain University-California,CA
Aultman College of Nursing and Health Sciences,OH
Mid-Atlantic Christian University,NC
Bismarck State College,ND
United Talmudical Seminary,NY
SUNY Oneonta,NY
Waynesburg University,PA
University of Wisconsin-Eau Claire,WI
Paul Smiths College of Arts and Science,NY
Strayer University-South Carolina,SC
Yeshiva Gedolah Imrei Yosef D'spinka,NY
Clarion University of Pennsylvania,PA
Millersville University of Pennsylvania,PA
Rowan University,NJ
Washington College,MD
Mercy College,NY
University of Advancing Technology,AZ
University of Michigan-Dearborn,MI
University of Minnesota-Morris,MN
Clemson University,SC
The University of Findlay,OH
Pennsylvania College of Technology,PA
Florida SouthWestern State College,FL
Park University,MO
Merrimack College,MA
Ottawa University-Ottawa,KS
Lebanon Valley College,PA
Saint Mary-of-the-Woods College,IN
Bates College,ME
CUNY Graduate School and University Center,NY
Western Governors University,UT
Herzing University-Madison,WI
Pacific Union College,CA
Missouri Baptist University,MO
Herzing University-Brookfield,WI
Christian Life College,IL
Strayer University-Arkansas,AR
DeVry University-Nevada,NV
Maharishi International University,IA
Kansas City Art Institute,MO
Drew University,NJ
CUNY City College,NY
Ascent College,VA
Minnesota State University-Mankato,MN
Saint Michael's College,VT
Columbia College,MO
Pacific University,OR
Carolina University,NC
American Medical Sciences Center,CA
Strayer University-Pennsylvania,PA
Texas A&M University-San Antonio,TX
Colgate University,NY
University of Oklahoma-Norman Campus,OK
St Olaf College,MN
United States Coast Guard Academy,CT
Minneapolis College of Art and Design,MN
Grinnell College,IA
Missouri Southern State University,MO
Seattle Central College,WA
George Washington University,DC
LeTourneau University,TX
Agnes Scott College,GA
Misericordia University,PA
University of Mobile,AL
Hofstra University,NY
New York School of Interior Design,NY
Yeshiva Shaarei Torah of Rockland,NY
Talladega College,AL
Eastern Michigan University,MI
Eastwick College-Ramsey,NJ
Herzing University-Kenosha,WI
Boston University,MA
Texas A & M University-Corpus Christi,TX
Manor College,PA
California State University-Sacramento,CA
Mount Angel Seminary,OR
Strayer University-Virginia,VA
West Virginia University Institute of Technology,WV
Pennsylvania State University-Penn State Fayette- Eberly,PA
Pacific Oaks College,CA
Crowley's Ridge College,AR
Macalester College,MN
North Park University,IL
University of Illinois Chicago,IL
Chamberlain University-Michigan,MI
Temple University,PA
Elizabethtown College,PA
Lower Columbia College,WA
Gardner-Webb University,NC
Georgia Military College,GA
Toccoa Falls College,GA
Yellowstone Christian College,MT
Southwestern Christian University,OK
Embry-Riddle Aeronautical University-Prescott,AZ
California Intercontinental University,--
Framingham State University,MA
The College of Saint Scholastica,MN
South University-Savannah,GA
University of Colorado Boulder,CO
Pfeiffer University,NC
Wade College,TX
University of Saint Mary,KS
Niagara University,NY
Freed-Hardeman University,TN
Carleton College,MN
Franklin and Marshall College,PA
Galen College of Nursing-Tampa Bay,FL
Chamberlain University-Louisiana,LA
Tri-State Bible College,OH
DeVry University-Tennessee,TN
Wilson College,PA
Rabbinical College of Ohr Shimon Yisroel,NY
Nevada State College,NV
Collin County Community College District,TX
Pueblo Community College,CO
St. Joseph's University-New York,NY
Wofford College,SC
Rio Hondo College,CA
Arkansas Baptist College,AR
Chamberlain University-Ohio,OH
Hallmark University,TX
Bethel University,IN
Atenas College,PR
Portland State University,OR
Chapman University,CA
University of Hawaii at Hilo,HI
Iowa State University,IA
Wingate University,NC
Fairleigh Dickinson University-Metropolitan Campus,NJ
University of Rhode Island,RI
Trevecca Nazarene University,TN
University of Minnesota-Twin Cities,MN
Provo College,UT
St. Mary's College of Maryland,MD
Lincoln Memorial University,TN
University of the West,CA
Benedictine College,KS
Concordia College at Moorhead,MN
Florida National University-Main Campus,FL
Wentworth Institute of Technology,MA
Cheyney University of Pennsylvania,PA
North Central University,MN
"University of Minnesota-Crookston
",MN
Saint Norbert College,WI
Bethune-Cookman University,FL
CEM College-San Juan,PR
Talmudic College of Florida,FL
Saint Mary's College,IN
Cedar Crest College,PA
Union College,NE
Stevens-The Institute of Business & Arts,MO
Beverly Hills Design Institute,CA
Grace Mission University,CA
Universidad del Sagrado Corazon,PR
Arapahoe Community College,CO
Saint Martin's University,WA
Spring Arbor University,MI
Northern Arizona University,AZ
Northern Illinois University,IL
Northpoint Bible College,MA
University of Pittsburgh-Johnstown,PA
Kent State University at Trumbull,OH
Azusa Pacific University,CA
Oregon Health & Science University,OR
Susquehanna University,PA
Spartan College of Aeronautics and Technology,OK
Pacific Islands University,GU
NUC University,PR
Mount Holyoke College,MA
Bennett College,NC
DeSales University,PA
Villanova University,PA
Indiana State University,IN
Calvin University,MI
Southern California Institute of Architecture,CA
MCPHS University,MA
Caribbean University-Vega Baja,PR
Mount Saint Mary's University,CA
Lincoln University,PA
Bethany Global University,MN
St. John's College,NM
Pennsylvania State University-World Campus,--
Lincoln University,CA
South University-Austin,TX
Gannon University,PA
Platt College-San Diego,CA
Southeastern Louisiana University,LA
University of Washington-Tacoma Campus,WA
DeVry University-New Jersey,NJ
Oak Hills Christian College,MN
Anderson University,SC
Aspen University,AZ
Ball State University,IN
Stony Brook University,NY
Massachusetts College of Liberal Arts,MA
Wellesley College,MA
John Paul the Great Catholic University,CA
Messiah University,PA
Rhodes College,TN
Transylvania University,KY
Southern California Institute of Technology,CA
Eureka College,IL
Dean College,MA
Rivier University,NH
Abraham Baldwin Agricultural College,GA
University of New England,ME
College of Central Florida,FL
Mount St. Mary's University,MD
Rasmussen University-North Dakota,ND
Harris-Stowe State University,MO
Thiel College,PA
Nova Southeastern University,FL
Keiser University-Ft Lauderdale,FL
Eckerd College,FL
Georgia State University,GA
Indiana University-Kokomo,IN
Cornell College,IA
The Evergreen State College,WA
University of New Haven,CT
Lincoln University,MO
Kansas State University,KS
Brigham Young University,UT
Hellenic College-Holy Cross Greek Orthodox School of Theology,MA
Westcliff University,CA
Dewey University-Hato Rey,PR
Bryan College-Dayton,TN
Northwestern Michigan College,MI
Strayer University-Delaware,DE
Riverside College of Health Careers,VA
Troy University,AL
Maria College of Albany,NY
Madonna University,MI
University of Illinois Urbana-Champaign,IL
Graceland University-Lamoni,IA
University of Southern Mississippi,MS
Black Hills State University,SD
Ripon College,WI
McNeese State University,LA
Yakima Valley College,WA
Quinnipiac University,CT
Hope International University,CA
College of Coastal Georgia,GA
University of Connecticut-Avery Point,CT
Ohio University-Zanesville Campus,OH
Xavier University,OH
Marshall University,WV
The College of Westchester,NY
Lane College,TN
Universal Technology College of Puerto Rico,PR
Monroe College,NY
Otis College of Art and Design,CA
Luther College,IA
Huston-Tillotson University,TX
Columbia College Chicago,IL
South University-Richmond,VA
Savannah State University,GA
American National University-Pikeville,KY
Central College,IA
Boston College,MA
College of Saint Benedict,MN
Pima Medical Institute-Tucson,AZ
Antioch College,OH
America Evangelical University,CA
The University of Alabama,AL
National Paralegal College,--
Moody Bible Institute,IL
University of New Hampshire at Manchester,NH
Barclay College,KS
Whitworth University,WA
Spelman College,GA
University of Massachusetts-Amherst,MA
Hanover College,IN
Howard Payne University,TX
Pennsylvania State University-Penn State DuBois,PA
Dominican University of California,CA
Sterling College,VT
Concordia University-Nebraska,NE
Northwest Missouri State University,MO
Guam Community College,GU
Immaculata University,PA
Musicians Institute,CA
Wittenberg University,OH
Snow College,UT
South Florida State College,FL
Dordt University,IA
William Jessup University,CA
Beloit College,WI
Kansas Wesleyan University,KS
Sitting Bull College,ND
McDaniel College,MD
Northern Michigan University,MI
Wartburg College,IA
The University of Texas at San Antonio,TX
Central Christian College of Kansas,KS
Hampden-Sydney College,VA
Walla Walla Community College,WA
Brandeis University,MA
Boricua College,NY
New England Institute of Technology,RI
Edmonds College,WA
Fremont University,CA
Williams College,MA
South Seattle College,WA
Indiana University-South Bend,IN
Fisher College,MA
Central Methodist University-College of Liberal Arts and Sciences,MO
Oregon State University,OR
James Madison University,VA
University of La Verne,CA
SUNY at Purchase College,NY
Rochester Institute of Technology,NY
Webber International University,FL
University of Utah,UT
Montserrat College of Art,MA
University of Baltimore,MD
Palm Beach State College,FL
Saint Mary's College of California,CA
Hobe Sound Bible College,FL
Great Northern University,WA
Art Center College of Design,CA
Culinary Institute of America,NY
Indian River State College,FL
Westminster College,PA
Bennington College,VT
Inter American University of Puerto Rico-Aguadilla,PR
Miami University-Middletown,OH
Baker College,MI
MidAmerica Nazarene University,KS
Averett University,VA
Saint Mary's University of Minnesota,MN
Regis College,MA
Eastern Washington University,WA
Langston University,OK
Delta State University,MS
South University-Columbia,SC
DeVry University-Arizona,AZ
University of Mary,ND
Washington University of Science and Technology,--
St Catherine University,MN
University of Virginia's College at Wise,VA
Plymouth State University,NH
Navajo Technical University,NM
San Jose State University,CA
Faith International University,WA
City University of Seattle,WA
St. Mary's University,TX
Santa Ana College,CA
Trocaire College,NY
DeVry University-Missouri,MO
Sumner College,OR
Georgia Southwestern State University,GA
Point University,GA
Tabor College,KS
Denison University,OH
Bethany College,KS
Talmudical Seminary of Bobov,NY
Columbia College,SC
University of Saint Joseph,CT
Lake Washington Institute of Technology,WA
Seattle Film Institute,WA
Saint Joseph Seminary College,LA
Capella University,MN
Milligan University,TN
Bryn Athyn College of the New Church,PA
University of Nebraska-Lincoln,NE
Ohio University-Chillicothe Campus,OH
Western Nevada College,NV
Dallas Baptist University,TX
Point Park University,PA
Union College,NY
College of Staten Island CUNY,NY
Mount Saint Mary College,NY
Arkansas State University,AR
Springfield College,MA
Fresno Pacific University,CA
Emporia State University,KS
Oakland City University,IN
Joyce University of Nursing and Health Sciences,UT
Gordon College,MA
Radford University,VA
Mount Vernon Nazarene University,OH
FIDM-Fashion Institute of Design & Merchandising,CA
Campbell University,NC
"Iona University

",NY
SUNY Morrisville,NY
South University-Tampa,FL
World Mission University,CA
Illinois State University,IL
Stephen F Austin State University,TX
State College of Florida-Manatee-Sarasota,FL
University of Puerto Rico-Mayaguez,PR
Nossi College of Art,TN
Excelsior University,NY
Wesleyan University,CT
Northern State University,SD
Lewis University,IL
Sinte Gleska University,SD
Lees-McRae College,NC
Babson College,MA
Kent State University at Stark,OH
University of Connecticut-Waterbury Campus,CT
Avila University,MO
Rutgers University-Camden,NJ
University of Central Missouri,MO
City College-Miami,FL
University of Phoenix-California,CA
Ouachita Baptist University,AR
The University of Texas at Dallas,TX
Beal University,ME
University of Cincinnati-Clermont College,OH
Crown College,MN
University of Mary Hardin-Baylor,TX
Stonehill College,MA
University of North Texas at Dallas,TX
Slippery Rock University of Pennsylvania,PA
Taylor University,IN
Huntington University,IN
Ohio State University-Mansfield Campus,OH
Southeastern Baptist College,MS
Soka University of America,CA
Johnson C Smith University,NC
Kent State University at Salem,OH
Arcadia University,PA
Dewey University-Manati,PR
Institute of Production and Recording,MN
Ilisagvik College,AK
Franklin University,OH
Trident University International,--
"University of the Virgin Islands, St. Thomas",VI
Colby College,ME
Loyola University Chicago,IL
Hawaii Pacific University,HI
Washington & Jefferson College,PA
DeVry University-California,CA
Southern Technical College,FL
Platt College-Riverside,CA
University of the Potomac-Washington DC Campus,DC
Creighton University,NE
Centenary University,NJ
DePaul University,IL
Harding University,AR
Indian Bible College,AZ
University of Oregon,OR
Pomona College,CA
Berklee College of Music,MA
Daytona College,FL
Columbus College of Art and Design,OH
Grayson College,TX
Texas A&M University-Texarkana,TX
Salish Kootenai College,MT
Everglades University,FL
Lackawanna College,PA
Central State University,OH
Harvey Mudd College,CA
Midwestern State University,TX
SUNY College of Agriculture and Technology at Cobleskill,NY
University of Washington-Seattle Campus,WA
Central Michigan University,MI
Grand Canyon University,AZ
Earlham College,IN
Uta Mesivta of Kiryas Joel,NY
Agape College of Business and Science,CA
University of Louisville,KY
Yeshivath Shaar Hatorah,NY
Yeshiva Derech Chaim,NY
Eagle Gate College-Boise Campus,ID
Carolinas College of Health Sciences,NC
Sh'or Yoshuv Rabbinical College,NY
Chowan University,NC
Jacksonville University,FL
University of Akron Main Campus,OH
Virginia Polytechnic Institute and State University,VA
Franklin W Olin College of Engineering,MA
Chamberlain University-Indiana,IN
Stephens College,MO
Bay State College,MA
George Mason University,VA
Lewis & Clark College,OR
Marian University,IN
DeVry University-Illinois,IL
Inter American University of Puerto Rico-Guayama,PR
Coker University,SC
LaGrange College,GA
Carson-Newman University,TN
Pennsylvania State University-Penn State Altoona,PA
Stevenson University,MD
Rabbinical College Telshe,OH
Colorado School of Mines,CO
Haven University,CA
University of Arizona,AZ
New York Film Academy,CA
Clinton College,SC
Virginia Military Institute,VA
Citadel Military College of South Carolina,SC
University of Phoenix-Texas,TX
Cleveland Institute of Music,OH
St. John Fisher University,NY
Central Methodist University-College of Graduate and Extended Studies,MO
Lafayette College,PA
MORRIS BROWN COLLEGE,GA
Chamberlain University-Arizona,AZ
Saginaw Valley State University,MI
Oklahoma Panhandle State University,OK
Southwestern College,KS
Chamberlain University-New Jersey,NJ
West Virginia University at Parkersburg,WV
Art Academy of Cincinnati,OH
Universidad Adventista de las Antillas,PR
University of Hawaii at Manoa,HI
North American University,TX
Long Island University,NY
San Joaquin Valley College-Visalia,CA
Benedictine University,IL
Caribbean University-Ponce,PR
Bowling Green State University-Main Campus,OH
SUNY at Albany,NY
Quincy College,MA
Washington State University,WA
Western Illinois University,IL
Kent State University at Tuscarawas,OH
Davis College,NY
Sacred Heart Major Seminary,MI
Laredo College,TX
University of Wisconsin-Oshkosh,WI
University of Charleston,WV
Lake Erie College,OH
Louisiana State University and Agricultural & Mechanical College,LA
Clear Creek Baptist Bible College,KY
American Medical Academy,FL
Saint Peter's University,NJ
Morris College,SC
The Southwestern Baptist Theological Seminary,TX
Concordia University-Irvine,CA
Elmira College,NY
William & Mary,VA
College of Micronesia-FSM,FM
Texas Christian University,TX
Tufts University,MA
Dickinson State University,ND
Red Rocks Community College,CO
Northwest Indian College,WA
Columbia International University,SC
Roanoke College,VA
Northwestern State University of Louisiana,LA
University of Maine at Machias,ME
Touro University,NY
Lehigh University,PA
Spalding University,KY
Marietta College,OH
Bob Jones University,SC
Berry College,GA
School of Visual Arts,NY
Concordia University-Chicago,IL
CEM College-Humacao,PR
Worcester Polytechnic Institute,MA
Stockton University,NJ
Truett McConnell University,GA
Pittsburg State University,KS
Pepperdine University,CA
Drury University-College of Continuing Professional Studies,MO
Kent State University at Geauga,OH
Los Angeles Film School,CA
Connecticut College,CT
Ozark Christian College,MO
MiraCosta College,CA
Warner Pacific University,OR
East Texas Baptist University,TX
Grantham University,--
ATI College-Whittier,CA
Loyola University New Orleans,LA
FIDM-Fashion Institute of Design & Merchandising-San Francisco,CA
Mississippi College,MS
Southern Wesleyan University,SC
Lamar University,TX
Odessa College,TX
NewU University,DC
College of Southern Idaho,ID
Saint Johns University,MN
Allen University,SC
Smith Chason College,CA
Walsh University,OH
University of the District of Columbia,DC
University of the Southwest,NM
California State Polytechnic University-Pomona,CA
Baker University,KS
Baldwin Wallace University,OH
"Kutztown University of Pennsylvania
",PA
Galen College of Nursing-Cincinnati,OH
Daemen University,NY
Mercy College of Health Sciences,IA
Pittsburgh Technical College,PA
Alabama A & M University,AL
CUNY Hunter College,NY
Guilford College,NC
La Roche University,PA
Champlain College,VT
Houghton University,NY
Moore College of Art and Design,PA
